Molar ratio (Zn:Cu),Promoter 1,Promoter 1 ratio (Promoter 1:Cu),Promoter 2,Promoter 2 ratio (Promoter 2:Cu),Catalyst surface area (m2/g) (LN scale),Type of sysnthesis procedure,Calcination temperature (°C),Calcination time (h),Temperature (°C),Pressure (bar),H2/CO2 ratio (-),GHSV (mL/g.h) (LN scale),Methanol based Ea (kJ/mol)
2.0,Null,0.0,Null,0.0,3.104586678,Co-precipitation,350.0,4.0,200.0,30,3.0,10.08580911,21.25620473
2.0,Null,0.0,Null,0.0,3.104586678,Co-precipitation,350.0,4.0,225.0,30,3.0,10.08580911,21.25620473
2.0,Null,0.0,Null,0.0,3.104586678,Co-precipitation,350.0,4.0,250.0,30,3.0,10.08580911,21.25620473
2.0,Au,0.001,Null,0.0,3.46260601,Co-precipitation,350.0,4.0,200.0,30,3.0,10.08580911,24.25140011
2.0,Au,0.001,Null,0.0,3.46260601,Co-precipitation,350.0,4.0,225.0,30,3.0,10.08580911,24.25140011
2.0,Au,0.001,Null,0.0,3.46260601,Co-precipitation,350.0,4.0,250.0,30,3.0,10.08580911,24.25140011
2.0,Au,0.005,Null,0.0,3.465735903,Co-precipitation,350.0,4.0,200.0,30,3.0,10.08580911,23.0047743
2.0,Au,0.005,Null,0.0,3.465735903,Co-precipitation,350.0,4.0,225.0,30,3.0,10.08580911,23.0047743
2.0,Au,0.005,Null,0.0,3.465735903,Co-precipitation,350.0,4.0,250.0,30,3.0,10.08580911,23.0047743
2.0,Au,0.02,Null,0.0,3.242592351,Co-precipitation,350.0,4.0,200.0,30,3.0,10.08580911,28.40343245
2.0,Au,0.02,Null,0.0,3.242592351,Co-precipitation,350.0,4.0,225.0,30,3.0,10.08580911,28.40343245
2.0,Au,0.02,Null,0.0,3.242592351,Co-precipitation,350.0,4.0,250.0,30,3.0,10.08580911,28.40343245
2.0,Au,0.05,Null,0.0,3.222867846,Co-precipitation,350.0,4.0,200.0,30,3.0,10.08580911,38.9295901
2.0,Au,0.05,Null,0.0,3.222867846,Co-precipitation,350.0,4.0,225.0,30,3.0,10.08580911,38.9295901
2.0,Au,0.05,Null,0.0,3.222867846,Co-precipitation,350.0,4.0,250.0,30,3.0,10.08580911,38.9295901
0.7319,Null,0.0,Zr,0.6616,5.093750201,Co-precipitation,350.0,2.0,200.0,20,3.0,9.655026193,30.55136683
0.7319,Null,0.0,Zr,0.6616,5.093750201,Co-precipitation,350.0,2.0,220.0,20,3.0,9.655026193,30.55136683
0.7319,Null,0.0,Zr,0.6616,5.093750201,Co-precipitation,350.0,2.0,240.0,20,3.0,9.655026193,30.55136683
0.7,Si,0.0001764,Zr,0.6545,5.164785974,Co-precipitation,350.0,2.0,200.0,20,3.0,9.655026193,21.61108781
0.7,Si,0.0001764,Zr,0.6545,5.164785974,Co-precipitation,350.0,2.0,220.0,20,3.0,9.655026193,21.61108781
0.7,Si,0.0001764,Zr,0.6545,5.164785974,Co-precipitation,350.0,2.0,240.0,20,3.0,9.655026193,21.61108781
0.7384,Si,0.0004577,Zr,0.6528,5.365976015,Co-precipitation,350.0,2.0,200.0,20,3.0,9.655026193,27.54080309
0.7384,Si,0.0004577,Zr,0.6528,5.365976015,Co-precipitation,350.0,2.0,220.0,20,3.0,9.655026193,27.54080309
0.7384,Si,0.0004577,Zr,0.6528,5.365976015,Co-precipitation,350.0,2.0,240.0,20,3.0,9.655026193,27.54080309
0.6948,Si,0.00065172,Zr,0.6782,5.231108617,Co-precipitation,350.0,2.0,200.0,20,3.0,9.655026193,33.02715956
0.6948,Si,0.00065172,Zr,0.6782,5.231108617,Co-precipitation,350.0,2.0,220.0,20,3.0,9.655026193,33.02715956
0.6948,Si,0.00065172,Zr,0.6782,5.231108617,Co-precipitation,350.0,2.0,240.0,20,3.0,9.655026193,33.02715956
0.681,Si,0.001128,Zr,0.6473,4.976733742,Co-precipitation,350.0,2.0,200.0,20,3.0,9.655026193,29.14624099
0.681,Si,0.001128,Zr,0.6473,4.976733742,Co-precipitation,350.0,2.0,220.0,20,3.0,9.655026193,29.14624099
0.681,Si,0.001128,Zr,0.6473,4.976733742,Co-precipitation,350.0,2.0,240.0,20,3.0,9.655026193,29.14624099
0.7069,Si,0.0021187,Zr,0.6416,4.804021045,Co-precipitation,350.0,2.0,200.0,20,3.0,9.655026193,29.98369771
0.7069,Si,0.0021187,Zr,0.6416,4.804021045,Co-precipitation,350.0,2.0,220.0,20,3.0,9.655026193,29.98369771
0.7069,Si,0.0021187,Zr,0.6416,4.804021045,Co-precipitation,350.0,2.0,240.0,20,3.0,9.655026193,29.98369771
0.11,Null,0.0,Null,0.0,1.931521412,Decomposition-precipitation,400.0,3.0,220.0,30,3.0,9.392661929,14.66707606
0.11,Null,0.0,Null,0.0,1.931521412,Decomposition-precipitation,400.0,3.0,240.0,30,3.0,9.392661929,14.66707606
0.11,Null,0.0,Null,0.0,1.931521412,Decomposition-precipitation,400.0,3.0,260.0,30,3.0,9.392661929,14.66707606
0.56,Null,0.0,Null,0.0,2.827313622,Decomposition-precipitation,400.0,3.0,220.0,30,3.0,9.392661929,25.12255705
0.56,Null,0.0,Null,0.0,2.827313622,Decomposition-precipitation,400.0,3.0,240.0,30,3.0,9.392661929,26.00476957
0.56,Null,0.0,Null,0.0,2.827313622,Decomposition-precipitation,400.0,3.0,260.0,30,3.0,9.392661929,26.00476957
1.11,Null,0.0,Null,0.0,3.144152279,Decomposition-precipitation,400.0,3.0,220.0,30,3.0,9.392661929,41.71205323
1.11,Null,0.0,Null,0.0,3.144152279,Decomposition-precipitation,400.0,3.0,240.0,30,3.0,9.392661929,35.52754946
1.11,Null,0.0,Null,0.0,3.144152279,Decomposition-precipitation,400.0,3.0,260.0,30,3.0,9.392661929,35.52754946
0.04,Null,0.0,Al,0.6132,3.629660094,Co-precipitation,400.0,3.0,190.0,30,3.0,9.210340372,26.40405744
0.04,Null,0.0,Al,0.6132,3.629660094,Co-precipitation,400.0,3.0,210.0,30,3.0,9.210340372,26.40405744
0.04,Null,0.0,Al,0.6132,3.629660094,Co-precipitation,400.0,3.0,230.0,30,3.0,9.210340372,26.40405744
0.4133,Null,0.0,Al,0.4732,4.332048265,Co-precipitation,400.0,3.0,190.0,30,3.0,9.210340372,25.57974299
0.4133,Null,0.0,Al,0.4732,4.332048265,Co-precipitation,400.0,3.0,210.0,30,3.0,9.210340372,25.57974299
0.4133,Null,0.0,Al,0.4732,4.332048265,Co-precipitation,400.0,3.0,230.0,30,3.0,9.210340372,25.57974299
0.4233,Null,0.0,Al,0.52,4.06731589,Co-precipitation,400.0,3.0,190.0,30,3.0,9.210340372,25.57974299
0.4233,Null,0.0,Al,0.52,4.06731589,Co-precipitation,400.0,3.0,210.0,30,3.0,9.210340372,25.57974299
0.4233,Null,0.0,Al,0.52,4.06731589,Co-precipitation,400.0,3.0,230.0,30,3.0,9.210340372,25.57974299
0.3124,Mg,0.4731,Al,0.748,5.257495372,Co-precipitation,300.0,2.0,200.0,50,3.0,9.655026193,13.827829
0.3124,Mg,0.4731,Al,0.748,5.257495372,Co-precipitation,300.0,2.0,220.0,50,3.0,9.655026193,13.827829
0.3124,Mg,0.4731,Al,0.748,5.257495372,Co-precipitation,300.0,2.0,240.0,50,3.0,9.655026193,13.827829
0.3124,Mg,0.9461,Null,0.0,4.718498871,Co-precipitation,300.0,2.0,200.0,50,3.0,9.655026193,14.15735217
0.3124,Mg,0.9461,Null,0.0,4.718498871,Co-precipitation,300.0,2.0,220.0,50,3.0,9.655026193,14.15735217
0.3124,Mg,0.9461,Null,0.0,4.718498871,Co-precipitation,300.0,2.0,240.0,50,3.0,9.655026193,14.15735217
0.4313,Null,0.0,Al,1.5664,4.836281907,Co-precipitation,400.0,2.0,200.0,30,3.0,8.699514748,26.58780682
0.4313,Null,0.0,Al,1.5664,4.836281907,Co-precipitation,400.0,2.0,220.0,30,3.0,8.699514748,26.58780682
0.4313,Null,0.0,Al,1.5664,4.836281907,Co-precipitation,400.0,2.0,240.0,30,3.0,8.699514748,26.58780682
0.7295,Null,0.0,Zr,0.6433,4.820281566,Reverse co-precipitation,350.0,2.0,200.0,20,3.0,9.655026193,25.87892388
0.7295,Null,0.0,Zr,0.6433,4.820281566,Reverse co-precipitation,350.0,2.0,220.0,20,3.0,9.655026193,25.87892388
0.7295,Null,0.0,Zr,0.6433,4.820281566,Reverse co-precipitation,350.0,2.0,240.0,20,3.0,9.655026193,25.87892388
0.7362,GO,0.03217,Zr,0.6742,4.912654886,Reverse co-precipitation,350.0,2.0,200.0,20,3.0,9.655026193,20.36091368
0.7362,GO,0.03217,Zr,0.6742,4.912654886,Reverse co-precipitation,350.0,2.0,220.0,20,3.0,9.655026193,20.36091368
0.7362,GO,0.03217,Zr,0.6742,4.912654886,Reverse co-precipitation,350.0,2.0,240.0,20,3.0,9.655026193,20.36091368
0.7472,GO,0.05332,Zr,0.6763,4.976733742,Reverse co-precipitation,350.0,2.0,200.0,20,3.0,9.655026193,23.33224928
0.7472,GO,0.05332,Zr,0.6763,4.976733742,Reverse co-precipitation,350.0,2.0,220.0,20,3.0,9.655026193,23.33224928
0.7472,GO,0.05332,Zr,0.6763,4.976733742,Reverse co-precipitation,350.0,2.0,240.0,20,3.0,9.655026193,23.33224928
0.7626,GO,0.1372,Zr,0.6816,4.852030264,Reverse co-precipitation,350.0,2.0,200.0,20,3.0,9.655026193,19.90932955
0.7626,GO,0.1372,Zr,0.6816,4.852030264,Reverse co-precipitation,350.0,2.0,220.0,20,3.0,9.655026193,19.90932955
0.7626,GO,0.1372,Zr,0.6816,4.852030264,Reverse co-precipitation,350.0,2.0,240.0,20,3.0,9.655026193,19.90932955
0.7575,GO,0.1912,Zr,0.6727,4.65396035,Reverse co-precipitation,350.0,2.0,200.0,20,3.0,9.655026193,33.56152051
0.7575,GO,0.1912,Zr,0.6727,4.65396035,Reverse co-precipitation,350.0,2.0,220.0,20,3.0,9.655026193,33.56152051
0.7575,GO,0.1912,Zr,0.6727,4.65396035,Reverse co-precipitation,350.0,2.0,240.0,20,3.0,9.655026193,33.56152051
0.784,GO,0.4648,Zr,0.6697,4.553876892,Reverse co-precipitation,350.0,2.0,200.0,20,3.0,9.655026193,37.80530701
0.784,GO,0.4648,Zr,0.6697,4.553876892,Reverse co-precipitation,350.0,2.0,220.0,20,3.0,9.655026193,37.80530701
0.784,GO,0.4648,Zr,0.6697,4.553876892,Reverse co-precipitation,350.0,2.0,240.0,20,3.0,9.655026193,37.80530701
0.4286,a_SiO2,0.01428,Al,0.9524,4.543294782,Solid phase grinding,330.0,3.0,180.0,43,5.0,7.60090246,22.34172473
0.4286,a_SiO2,0.01428,Al,0.9524,4.543294782,Solid phase grinding,330.0,3.0,210.0,43,5.0,7.60090246,22.34172473
0.4286,a_SiO2,0.01428,Al,0.9524,4.543294782,Solid phase grinding,330.0,3.0,225.0,43,5.0,7.60090246,22.34172473
26.0,ZrO2/S,20.0,Null,0.0,4.543294782,Co-precipitation,500.0,3.0,230.0,45,3.0,9.287301413,119.1719594
26.0,ZrO2/S,20.0,Null,0.0,4.543294782,Co-precipitation,500.0,3.0,260.287,45,3.0,9.287301413,119.1719594
26.0,ZrO2/S,20.0,Null,0.0,4.543294782,Co-precipitation,500.0,3.0,290.164,45,3.0,9.287301413,119.1719594
13.0,ZrO2/S,20.0,Null,0.0,4.564348191,Co-precipitation,500.0,3.0,230.215,45,3.0,9.287301413,116.8254257
13.0,ZrO2/S,20.0,Null,0.0,4.564348191,Co-precipitation,500.0,3.0,260.0,45,3.0,9.287301413,116.8254257
13.0,ZrO2/S,20.0,Null,0.0,4.564348191,Co-precipitation,500.0,3.0,289.587,45,3.0,9.287301413,116.8254257
6.5,ZrO2/S,20.0,Null,0.0,4.762173935,Co-precipitation,500.0,3.0,230.0,45,3.0,9.287301413,87.71247493
6.5,ZrO2/S,20.0,Null,0.0,4.762173935,Co-precipitation,500.0,3.0,260.202,45,3.0,9.287301413,87.71247493
6.5,ZrO2/S,20.0,Null,0.0,6.102558595,Co-precipitation,500.0,3.0,290.0,45,3.0,9.287301413,87.71247493
1.0,Null,0.0,Null,0.0,3.18221184,Decomposition-precipitation,50.0,12.0,230.0,45,3.0,9.287301413,59.0
1.0,Null,0.0,Null,0.0,3.18221184,Decomposition-precipitation,50.0,12.0,250.0,45,3.0,9.287301413,59.0
1.0,Null,0.0,Null,0.0,3.18221184,Decomposition-precipitation,50.0,12.0,270.0,45,3.0,9.287301413,59.0
1.0,Null,0.0,Null,0.0,3.18221184,Decomposition-precipitation,50.0,12.0,290.0,45,3.0,9.287301413,59.0
1.0,Pd,0.005,Null,0.0,2.901421594,Decomposition-precipitation,50.0,12.0,230.0,45,3.0,9.287301413,52.0
1.0,Pd,0.005,Null,0.0,2.901421594,Decomposition-precipitation,50.0,12.0,250.0,45,3.0,9.287301413,52.0
1.0,Pd,0.005,Null,0.0,2.901421594,Decomposition-precipitation,50.0,12.0,270.0,45,3.0,9.287301413,52.0
1.0,Pd,0.005,Null,0.0,2.901421594,Decomposition-precipitation,50.0,12.0,290.0,45,3.0,9.287301413,52.0
1.0,Pd,0.01,Null,0.0,2.975529566,Decomposition-precipitation,50.0,12.0,230.0,45,3.0,9.287301413,31.0
1.0,Pd,0.01,Null,0.0,2.975529566,Decomposition-precipitation,50.0,12.0,250.0,45,3.0,9.287301413,31.0
1.0,Pd,0.01,Null,0.0,2.975529566,Decomposition-precipitation,50.0,12.0,270.0,45,3.0,9.287301413,31.0
1.0,Pd,0.01,Null,0.0,2.975529566,Decomposition-precipitation,50.0,12.0,290.0,45,3.0,9.287301413,31.0
1.0,Pd,0.02,Null,0.0,2.985681938,Decomposition-precipitation,50.0,12.0,230.0,45,3.0,9.287301413,45.0
1.0,Pd,0.02,Null,0.0,2.985681938,Decomposition-precipitation,50.0,12.0,250.0,45,3.0,9.287301413,45.0
1.0,Pd,0.02,Null,0.0,2.985681938,Decomposition-precipitation,50.0,12.0,270.0,45,3.0,9.287301413,45.0
1.0,Pd,0.02,Null,0.0,2.985681938,Decomposition-precipitation,50.0,12.0,290.0,45,3.0,9.287301413,45.0
1.0,Pd,0.03,Null,0.0,2.990719732,Decomposition-precipitation,50.0,12.0,230.0,45,3.0,9.287301413,62.0
1.0,Pd,0.03,Null,0.0,2.990719732,Decomposition-precipitation,50.0,12.0,250.0,45,3.0,9.287301413,62.0
1.0,Pd,0.03,Null,0.0,2.990719732,Decomposition-precipitation,50.0,12.0,270.0,45,3.0,9.287301413,62.0
1.0,Pd,0.03,Null,0.0,2.990719732,Decomposition-precipitation,50.0,12.0,290.0,45,3.0,9.287301413,62.0
1.0,Pd,0.04,Null,0.0,3.94931879,Decomposition-precipitation,50.0,12.0,230.0,45,3.0,9.287301413,70.0
1.0,Pd,0.04,Null,0.0,3.696351469,Decomposition-precipitation,50.0,12.0,250.0,45,3.0,9.287301413,70.0
1.0,Pd,0.04,Null,0.0,4.182050143,Decomposition-precipitation,50.0,12.0,270.0,45,3.0,9.287301413,70.0
1.0,Pd,0.04,Null,0.0,4.028916757,Decomposition-precipitation,50.0,12.0,290.0,45,3.0,9.287301413,70.0
2.5,Null,0.0,Null,0.0,1.945910149,Impregnation,500.0,2.0,190.0,30,3.0,8.188689124,58.20584987
2.5,Null,0.0,Null,0.0,1.945910149,Impregnation,500.0,2.0,230.0,30,3.0,8.188689124,58.20584987
2.5,Null,0.0,Null,0.0,1.945910149,Impregnation,500.0,2.0,250.0,30,3.0,8.188689124,58.20584987
2.5,Null,0.0,Null,0.0,1.945910149,Impregnation,500.0,2.0,270.0,30,3.0,8.188689124,58.20584987
2.5,Null,0.0,Null,0.0,1.945910149,Impregnation,500.0,2.0,290.0,30,3.0,8.188689124,58.20584987
0.75,Null,0.0,Null,0.0,3.058707073,Co-precipitation,450.0,4.0,220.0,40,3.0,7.313220387,33.3392486
0.75,Null,0.0,Null,0.0,3.058707073,Co-precipitation,450.0,4.0,230.0,40,3.0,7.313220387,33.3392486
0.75,Null,0.0,Null,0.0,3.058707073,Co-precipitation,450.0,4.0,240.0,40,3.0,7.313220387,33.3392486
0.75,Null,0.0,Null,0.0,3.058707073,Co-precipitation,450.0,4.0,250.0,40,3.0,7.313220387,33.3392486
0.75,Null,0.0,Null,0.0,3.058707073,Co-precipitation,450.0,4.0,260.0,40,3.0,7.313220387,33.3392486
0.78,Null,0.0,Null,0.0,3.57950952,MOF-derived,450.0,3.0,220.0,40,3.0,7.313220387,54.19400235
0.78,Null,0.0,Null,0.0,4.812235273,MOF-derived,450.0,3.0,230.0,40,3.0,7.313220387,54.19400235
0.78,Null,0.0,Null,0.0,4.928432984,MOF-derived,450.0,3.0,240.0,40,3.0,7.313220387,54.19400235
0.78,Null,0.0,Null,0.0,5.012095605,MOF-derived,450.0,3.0,250.0,40,3.0,7.313220387,54.19400235
2.3717,Si/S,20.0,Null,0.0,3.701301974,Hydrothermal,500.0,2.0,200.0,30,3.0,9.61580548,45.9395826
2.3717,Si/S,20.0,Null,0.0,3.701301974,Hydrothermal,500.0,2.0,220.0,30,3.0,9.61580548,45.9395826
2.3717,Si/S,20.0,Null,0.0,3.701301974,Hydrothermal,500.0,2.0,240.0,30,3.0,9.61580548,45.9395826
2.3717,Si/S,20.0,Null,0.0,3.701301974,Hydrothermal,500.0,2.0,260.0,30,3.0,9.61580548,45.9395826
1.8225,Si/S,20.0,Null,0.0,3.701301974,Hydrothermal,500.0,2.0,200.0,30,3.0,9.61580548,45.78743907
1.8225,Si/S,20.0,Null,0.0,3.701301974,Hydrothermal,500.0,2.0,220.0,30,3.0,9.61580548,40.66012755
1.8225,Si/S,20.0,Null,0.0,3.701301974,Hydrothermal,500.0,2.0,240.0,30,3.0,9.61580548,40.66012755
2.1465,Si/S,20.0,Null,0.0,2.451005098,Hydrothermal,500.0,2.0,200.0,30,3.0,9.61580548,50.28825275
2.1465,Si/S,20.0,Null,0.0,2.451005098,Hydrothermal,500.0,2.0,220.0,30,3.0,9.61580548,50.28825275
2.1465,Si/S,20.0,Null,0.0,2.451005098,Hydrothermal,500.0,2.0,240.0,30,3.0,9.61580548,50.28825275
2.1465,Si/S,20.0,Null,0.0,2.412335957,Hydrothermal,500.0,2.0,260.0,30,3.0,9.61580548,50.28825275
1.0206,Si/S,20.0,Null,0.0,2.412335957,Hydrothermal,500.0,2.0,200.0,30,3.0,9.61580548,43.66476281
1.0206,Si/S,20.0,Null,0.0,2.412335957,Hydrothermal,500.0,2.0,220.0,30,3.0,9.61580548,43.66476281
1.0206,Si/S,20.0,Null,0.0,2.412335957,Hydrothermal,500.0,2.0,240.0,30,3.0,9.61580548,43.66476281
1.0206,Si/S,20.0,Null,0.0,3.220474546,Hydrothermal,500.0,2.0,260.0,30,3.0,9.61580548,43.66476281
0.8298,Si/S,20.0,Null,0.0,3.220474546,Hydrothermal,500.0,2.0,200.0,30,3.0,9.61580548,42.42633568
0.8298,Si/S,20.0,Null,0.0,3.220474546,Hydrothermal,500.0,2.0,220.0,30,3.0,9.61580548,42.42633568
0.8298,Si/S,20.0,Null,0.0,3.220474546,Hydrothermal,500.0,2.0,240.0,30,3.0,9.61580548,42.42633568
0.8298,Si/S,20.0,Null,0.0,3.220474546,Hydrothermal,500.0,2.0,260.0,30,3.0,9.61580548,42.42633568
0.6618,Si/S,20.0,Null,0.0,4.304065093,Hydrothermal,500.0,2.0,200.0,30,3.0,9.61580548,42.73350909
0.6618,Si/S,20.0,Null,0.0,4.682131227,Hydrothermal,500.0,2.0,220.0,30,3.0,9.61580548,42.73350909
0.6618,Si/S,20.0,Null,0.0,4.682131227,Hydrothermal,500.0,2.0,240.0,30,3.0,9.61580548,42.73350909
0.6618,Si/S,20.0,Null,0.0,4.584967479,Hydrothermal,500.0,2.0,260.0,30,3.0,9.61580548,42.73350909
0.6618,Si/S,20.0,Null,0.0,4.333361463,Hydrothermal,500.0,2.0,280.0,30,3.0,9.61580548,42.73350909
1.0398,Si/S,20.0,Null,0.0,4.333361463,Hydrothermal,500.0,2.0,200.0,30,3.0,9.61580548,40.25086196
1.0398,Si/S,20.0,Null,0.0,2.442347035,Hydrothermal,500.0,2.0,220.0,30,3.0,9.61580548,40.25086196
1.0398,Si/S,20.0,Null,0.0,2.211565695,Hydrothermal,500.0,2.0,240.0,30,3.0,9.61580548,40.25086196
1.0398,Si/S,20.0,Null,0.0,2.284421122,Hydrothermal,500.0,2.0,260.0,30,3.0,9.61580548,40.25086196
1.0398,Si/S,20.0,Null,0.0,1.987874348,Hydrothermal,500.0,2.0,280.0,30,3.0,9.61580548,40.25086196
1.4069,Si/S,20.0,Null,0.0,2.451005098,Hydrothermal,500.0,2.0,200.0,30,3.0,9.61580548,37.20255661
1.4069,Si/S,20.0,Null,0.0,5.353278925,Hydrothermal,500.0,2.0,220.0,30,3.0,9.61580548,37.20255661
1.4069,Si/S,20.0,Null,0.0,5.353278925,Hydrothermal,500.0,2.0,240.0,30,3.0,9.61580548,37.20255661
1.4069,Si/S,20.0,Null,0.0,5.353278925,Hydrothermal,500.0,2.0,260.0,30,3.0,9.61580548,37.20255661
1.4069,Si/S,20.0,Null,0.0,5.353278925,Hydrothermal,500.0,2.0,280.0,30,3.0,9.61580548,37.20255661
1.8225,Si/S,20.0,Null,0.0,5.353278925,Hydrothermal,500.0,2.0,200.0,30,3.0,9.61580548,36.69496811
1.8225,Si/S,20.0,Null,0.0,5.353278925,Hydrothermal,500.0,2.0,220.0,30,3.0,9.61580548,36.69496811
1.8225,Si/S,20.0,Null,0.0,5.353278925,Hydrothermal,500.0,2.0,240.0,30,3.0,9.61580548,36.69496811
1.8225,Si/S,20.0,Null,0.0,5.353278925,Hydrothermal,500.0,2.0,260.0,30,3.0,9.61580548,36.69496811
1.8225,Si/S,20.0,Null,0.0,5.353278925,Hydrothermal,500.0,2.0,280.0,30,3.0,9.61580548,36.69496811
2.5048,Si/S,20.0,Null,0.0,5.353278925,Hydrothermal,500.0,2.0,200.0,30,3.0,9.61580548,37.06532438
2.5048,Si/S,20.0,Null,0.0,5.353278925,Hydrothermal,500.0,2.0,220.0,30,3.0,9.61580548,37.06532438
2.5048,Si/S,20.0,Null,0.0,5.353278925,Hydrothermal,500.0,2.0,240.0,30,3.0,9.61580548,37.06532438
2.5048,Si/S,20.0,Null,0.0,5.353278925,Hydrothermal,500.0,2.0,260.0,30,3.0,9.61580548,37.06532438
2.5048,Si/S,20.0,Null,0.0,5.379897354,Hydrothermal,500.0,2.0,280.0,30,3.0,9.61580548,37.06532438
2.9602,Si/S,20.0,Null,0.0,5.379897354,Hydrothermal,500.0,2.0,200.0,30,3.0,9.61580548,39.23669999
2.9602,Si/S,20.0,Null,0.0,5.379897354,Hydrothermal,500.0,2.0,220.0,30,3.0,9.61580548,39.23669999
2.9602,Si/S,20.0,Null,0.0,3.433987204,Hydrothermal,500.0,2.0,240.0,30,3.0,9.61580548,39.23669999
2.9602,Si/S,20.0,Null,0.0,3.433987204,Hydrothermal,500.0,2.0,260.0,30,3.0,9.61580548,39.23669999
2.9602,Si/S,20.0,Null,0.0,3.433987204,Hydrothermal,500.0,2.0,280.0,30,3.0,9.61580548,39.23669999
0.4,Null,0.0,Zr,0.6,3.401197382,Solvothermal,450.0,3.0,200.0,30,3.0,7.783224016,19.96491304
0.4,Null,0.0,Zr,0.6,3.401197382,Solvothermal,450.0,3.0,220.0,30,3.0,7.783224016,19.96491304
0.4,Null,0.0,Zr,0.6,3.401197382,Solvothermal,450.0,3.0,240.0,30,3.0,7.783224016,19.96491304
0.2174,Null,0.0,Null,0.0,3.618993327,MOF-derived,240.0,4.0,210.0,40,3.0,9.680344001,25.08789179
0.2174,Null,0.0,Null,0.0,3.618993327,MOF-derived,240.0,4.0,220.0,40,3.0,9.680344001,25.08789179
0.2174,Null,0.0,Null,0.0,3.618993327,MOF-derived,240.0,4.0,230.0,40,3.0,9.680344001,25.08789179
0.2174,Null,0.0,Null,0.0,3.618993327,MOF-derived,240.0,4.0,240.0,40,3.0,9.680344001,25.08789179
0.2272,Null,0.0,Null,0.0,3.666122467,MOF-derived,240.0,4.0,210.0,40,3.0,9.680344001,25.25213774
0.2272,Null,0.0,Null,0.0,3.666122467,MOF-derived,240.0,4.0,220.0,40,3.0,9.680344001,25.25213774
0.2272,Null,0.0,Null,0.0,3.666122467,MOF-derived,240.0,4.0,230.0,40,3.0,9.680344001,25.25213774
0.2272,Null,0.0,Null,0.0,3.666122467,MOF-derived,240.0,4.0,240.0,40,3.0,9.680344001,25.25213774
0.09615,Null,0.0,Null,0.0,3.666122467,MOF-derived,240.0,4.0,210.0,40,3.0,9.680344001,30.41303222
0.09615,Null,0.0,Null,0.0,3.6558396,MOF-derived,240.0,4.0,220.0,40,3.0,9.680344001,30.41303222
0.09615,Null,0.0,Null,0.0,3.6558396,MOF-derived,240.0,4.0,230.0,40,3.0,9.680344001,30.41303222
0.09615,Null,0.0,Null,0.0,3.6558396,MOF-derived,240.0,4.0,240.0,40,3.0,9.680344001,30.41303222
0.3333,Null,0.0,Null,0.0,3.511545439,Co-precipitation,350.0,2.0,190.0,30,3.0,8.411832676,17.0188913
0.3333,Null,0.0,Null,0.0,3.511545439,Co-precipitation,350.0,2.0,210.0,30,3.0,8.411832676,17.0188913
0.3333,Null,0.0,Null,0.0,3.511545439,Co-precipitation,350.0,2.0,230.0,30,3.0,8.411832676,17.0188913
0.3333,Null,0.0,Null,0.0,3.511545439,Co-precipitation,350.0,2.0,250.0,30,3.0,8.411832676,17.0188913
0.4673,SiO2,3.136,Zr,0.2334,4.290459441,Hydrothermal,550.0,6.0,270.0,30,3.0,7.783224016,11.64350522
0.4673,SiO2,3.136,Zr,0.2334,4.290459441,Hydrothermal,550.0,6.0,290.0,30,3.0,7.783224016,11.64350522
0.4673,SiO2,3.136,Zr,0.2334,4.290459441,Hydrothermal,550.0,6.0,310.0,30,3.0,7.783224016,11.64350522
0.4673,SiO2,3.136,Zr,3.6388,4.290459441,Hydrothermal,550.0,6.0,270.0,50,5.0,7.783224016,13.30255474
0.4673,SiO2,3.136,Zr,3.6388,4.290459441,Hydrothermal,550.0,6.0,290.0,50,5.0,7.783224016,13.30255474
0.4673,SiO2,3.136,Zr,3.6388,4.290459441,Hydrothermal,550.0,6.0,310.0,50,5.0,7.783224016,13.30255474
0.5,Null,0.0,Zr,3.6388,4.290459441,Co-precipitation,350.0,4.0,220.0,30,3.0,9.082507,14.00714948
0.5,Null,0.0,Zr,3.6388,4.290459441,Co-precipitation,350.0,4.0,240.0,30,3.0,9.082507,14.00714948
0.5,Null,0.0,Zr,5.2942,4.290459441,Co-precipitation,350.0,4.0,260.0,30,3.0,9.082507,14.00714948
1.02,Null,0.0,Null,0.0,4.119245006,Co-precipitation,400.0,4.0,200.0,30,3.0,7.783224016,17.7973969
1.02,Null,0.0,Null,0.0,4.437934267,Co-precipitation,400.0,4.0,220.0,30,3.0,7.783224016,17.7973969
1.02,Null,0.0,Null,0.0,3.974058396,Co-precipitation,400.0,4.0,240.0,30,3.0,7.783224016,17.7973969
1.099,TiO2/S,20.0,Null,0.0,4.387014176,Co-precipitation,400.0,4.0,200.0,30,3.0,7.783224016,12.81133633
1.099,TiO2/S,20.0,Null,0.0,4.387014176,Co-precipitation,400.0,4.0,220.0,30,3.0,7.783224016,12.81133633
1.099,TiO2/S,20.0,Null,0.0,4.387014176,Co-precipitation,400.0,4.0,240.0,30,3.0,7.783224016,12.81133633
0.9174,ZrO2/S,20.0,Null,0.0,4.49535532,Co-precipitation,400.0,4.0,200.0,30,3.0,7.783224016,12.30469119
0.9174,ZrO2/S,20.0,Null,0.0,4.49535532,Co-precipitation,400.0,4.0,220.0,30,3.0,7.783224016,12.30469119
0.9174,ZrO2/S,20.0,Null,0.0,4.49535532,Co-precipitation,400.0,4.0,240.0,30,3.0,7.783224016,12.30469119
1.01,TiO2/S,20.0,Zr,0.1742,4.770684624,Co-precipitation,400.0,4.0,200.0,30,3.0,7.783224016,12.13614989
1.01,TiO2/S,20.0,Zr,0.1742,4.770684624,Co-precipitation,400.0,4.0,220.0,30,3.0,7.783224016,12.13614989
1.01,Ti,3.6388,Zr,0.1742,4.770684624,Co-precipitation,400.0,4.0,240.0,30,3.0,7.783224016,12.13614989
1.2042,Au,0.0079467,Al,7.2776,4.876722877,Co-precipitation,500.0,5.0,180.0,25,2.8,8.881836305,27.40393066
1.2042,Au,0.0079467,Al,7.2776,4.876722877,Co-precipitation,500.0,5.0,220.0,25,2.8,8.881836305,27.40393066
1.2042,Au,0.0079467,Al,7.2776,4.876722877,Co-precipitation,500.0,5.0,250.0,25,2.8,8.881836305,27.40393066
0.3281,Null,0.0,Zr,10.2316,4.549657476,Reverse co-precipitation,300.0,1.0,180.0,1,3.0,9.169518377,37.5019489
0.3281,Null,0.0,Zr,10.2316,4.549657476,Reverse co-precipitation,300.0,1.0,200.0,1,3.0,9.169518377,37.5019489
0.3281,Null,0.0,Zr,10.2316,4.549657476,Reverse co-precipitation,300.0,1.0,220.0,1,3.0,9.169518377,37.5019489
0.3281,Null,0.0,Zr,10.2316,4.549657476,Reverse co-precipitation,300.0,1.0,180.0,30,3.0,9.169518377,33.90462025
0.3281,Null,0.0,Zr,3.2442,4.621043535,Reverse co-precipitation,300.0,1.0,200.0,30,3.0,9.169518377,33.90462025
0.3281,Null,0.0,Zr,3.2442,4.621043535,Reverse co-precipitation,300.0,1.0,220.0,30,3.0,9.169518377,33.90462025
0.3281,Null,0.0,Zr,3.2442,4.621043535,Reverse co-precipitation,300.0,1.0,180.0,50,3.0,9.169518377,36.70712658
0.3281,Null,0.0,Zr,3.2442,4.621043535,Reverse co-precipitation,300.0,1.0,200.0,50,3.0,9.169518377,36.70712658
0.3281,Null,0.0,Zr,3.2442,4.957937505,Reverse co-precipitation,300.0,1.0,220.0,50,3.0,9.169518377,36.70712658
0.3281,Null,0.0,Zr,4.1358,4.957937505,Reverse co-precipitation,300.0,1.0,180.0,30,3.0,9.862665558,20.15359179
0.3281,Null,0.0,Zr,4.1358,4.957937505,Reverse co-precipitation,300.0,1.0,200.0,30,3.0,9.862665558,20.15359179
0.3281,Null,0.0,Zr,4.1358,4.866764924,Reverse co-precipitation,300.0,1.0,220.0,30,3.0,9.862665558,20.15359179
0.3281,Null,0.0,Zr,3.9666,4.866764924,Reverse co-precipitation,300.0,1.0,240.0,30,3.0,9.862665558,20.15359179
0.3281,Null,0.0,Zr,3.9666,4.866764924,Reverse co-precipitation,300.0,1.0,180.0,50,3.0,9.862665558,30.5293923
0.3281,Null,0.0,Zr,3.9666,4.866764924,Reverse co-precipitation,300.0,1.0,200.0,50,3.0,9.862665558,30.5293923
0.3281,Null,0.0,Zr,3.9666,4.866764924,Reverse co-precipitation,300.0,1.0,220.0,50,3.0,9.862665558,30.5293923
0.3281,Null,0.0,Zr,3.9666,4.866764924,Reverse co-precipitation,300.0,1.0,240.0,50,3.0,9.862665558,30.5293923
0.3281,Null,0.0,Zr,3.4834,4.826712456,Reverse co-precipitation,300.0,1.0,180.0,30,3.0,10.5865844,22.34463161
0.3281,Null,0.0,Zr,3.4834,4.826712456,Reverse co-precipitation,300.0,1.0,200.0,30,3.0,10.5865844,22.34463161
0.3281,Null,0.0,Zr,3.4834,4.826712456,Reverse co-precipitation,300.0,1.0,220.0,30,3.0,10.5865844,22.34463161
0.3281,Null,0.0,Zr,3.4834,4.826712456,Reverse co-precipitation,300.0,1.0,240.0,30,3.0,10.5865844,22.34463161
0.3281,Null,0.0,Zr,3.4834,4.826712456,Reverse co-precipitation,300.0,1.0,180.0,50,3.0,10.5865844,25.10402012
0.3281,Null,0.0,Zr,0.3334,4.700480366,Reverse co-precipitation,300.0,1.0,200.0,50,3.0,10.5865844,25.10402012
0.3281,Null,0.0,Zr,0.4,4.700480366,Reverse co-precipitation,300.0,1.0,220.0,50,3.0,10.5865844,25.10402012
0.3281,Null,0.0,Zr,0.388,4.700480366,Reverse co-precipitation,300.0,1.0,240.0,30,3.0,10.5865844,25.10402012
0.3281,Null,0.0,Zr,0.3334,4.700480366,Reverse co-precipitation,300.0,1.0,180.0,30,3.0,11.00209984,26.24267441
0.3281,Null,0.0,Zr,0.3334,4.866764924,Reverse co-precipitation,300.0,1.0,200.0,30,3.0,11.00209984,26.24267441
0.3281,Null,0.0,Zr,0.3334,4.866764924,Reverse co-precipitation,300.0,1.0,220.0,30,3.0,11.00209984,26.24267441
0.3281,Null,0.0,Zr,0.3334,4.866764924,Reverse co-precipitation,300.0,1.0,240.0,30,3.0,11.00209984,26.24267441
0.3281,Null,0.0,Zr,0.3334,4.866764924,Reverse co-precipitation,300.0,1.0,180.0,50,3.0,11.00209984,27.0148971
0.3281,Null,0.0,Zr,0.3334,4.866764924,Reverse co-precipitation,300.0,1.0,200.0,50,3.0,11.00209984,27.0148971
0.3281,Null,0.0,Zr,0.3334,4.866764924,Reverse co-precipitation,300.0,1.0,220.0,50,3.0,11.00209984,27.0148971
0.3281,Null,0.0,Zr,0.3334,4.866764924,Reverse co-precipitation,300.0,1.0,240.0,30,3.0,11.00209984,27.0148971
0.75,C,0.3334,Null,0.0,4.866764924,Plasma,345.0095653623928,3.0,230.0,40,3.0,8.699514748,52.70458666
0.75,C,0.3334,Null,0.0,4.866764924,Plasma,382.7478383251038,1.0,240.0,40,3.0,8.699514748,52.70458666
0.75,C,0.3334,Null,0.0,4.866764924,Plasma,527.2307873861155,3.0,250.0,40,3.0,8.699514748,52.70458666
0.75,C,0.3334,Null,0.0,4.866764924,Plasma,358.3647370887853,2.0,260.0,40,3.0,8.699514748,52.70458666
0.75,C,0.3334,Null,0.0,4.866764924,Impregnation,400.0,3.0,230.0,40,3.0,8.699514748,7.817361151
0.75,C,0.2448,Null,0.0,4.866764924,Impregnation,400.0,3.0,240.0,40,3.0,8.699514748,7.817361151
0.75,C,0.2448,Null,0.0,4.866764924,Impregnation,400.0,3.0,250.0,40,3.0,8.699514748,7.817361151
0.75,C,0.2448,Null,0.0,4.866764924,Impregnation,400.0,3.0,260.0,40,3.0,8.699514748,7.817361151
0.75,C,0.2448,Null,0.0,4.866764924,Impregnation,400.0,3.0,270.0,40,3.0,8.699514748,7.817361151
0.5217,Null,0.0,Al,0.492,4.852030264,MOF-derived,500.0,6.0,200.0,30,3.0,10.37349118,39.0
0.5217,Null,0.0,Al,0.492,4.852030264,MOF-derived,500.0,6.0,225.0,30,3.0,10.37349118,39.0
0.5217,Null,0.0,Al,0.492,4.852030264,MOF-derived,500.0,6.0,250.0,30,3.0,10.37349118,39.0
0.5217,Null,0.0,Al,0.492,4.852030264,MOF-derived,500.0,6.0,275.0,30,3.0,10.37349118,39.0
0.5217,Null,0.0,Al,0.492,4.852030264,MOF-derived,500.0,6.0,300.0,30,3.0,10.37349118,39.0
0.5216,Null,0.0,Al,0.492,4.852030264,MOF-derived,500.0,6.0,200.0,30,3.0,10.37349118,39.0
0.5216,Null,0.0,Al,0.492,4.852030264,MOF-derived,500.0,6.0,225.0,30,3.0,10.37349118,39.0
0.5216,Null,0.0,Al,0.492,4.852030264,MOF-derived,500.0,6.0,250.0,30,3.0,10.37349118,39.0
0.5216,Null,0.0,Al,0.492,4.852030264,MOF-derived,500.0,6.0,275.0,30,3.0,10.37349118,39.0
0.5216,Null,0.0,Al,0.492,4.852030264,MOF-derived,500.0,6.0,300.0,30,3.0,10.37349118,39.0
0.5622,Null,0.0,Al,0.492,2.197224577,MOF-derived,350.0,3.0,200.0,30,3.0,10.37349118,35.0
0.5622,Null,0.0,Al,0.492,2.197224577,MOF-derived,350.0,3.0,225.0,30,3.0,10.37349118,35.0
0.5622,Null,0.0,Al,0.3852,2.197224577,MOF-derived,350.0,3.0,250.0,30,3.0,10.37349118,35.0
0.5622,Null,0.0,Al,0.3852,2.197224577,MOF-derived,350.0,3.0,275.0,30,3.0,10.37349118,35.0
0.5622,Null,0.0,Al,0.3852,2.197224577,MOF-derived,350.0,3.0,300.0,30,3.0,10.37349118,35.0
0.5622,Null,0.0,Al,0.3852,3.433987204,MOF-derived,350.0,3.0,200.0,30,3.0,10.37349118,32.0
0.5622,Null,0.0,Al,0.4124,3.433987204,MOF-derived,350.0,3.0,225.0,30,3.0,10.37349118,32.0
0.5622,Null,0.0,Al,0.4124,3.433987204,MOF-derived,350.0,3.0,250.0,30,3.0,10.37349118,32.0
0.5622,Null,0.0,Al,0.4124,3.433987204,MOF-derived,350.0,3.0,275.0,30,3.0,10.37349118,32.0
0.5622,Null,0.0,Al,0.4124,2.564949357,MOF-derived,350.0,3.0,300.0,30,3.0,10.37349118,32.0
0.3176,Null,0.0,Al,0.4124,2.564949357,MOF-derived,500.0,6.0,200.0,30,3.0,10.37349118,41.52607538
0.3176,Null,0.0,Al,0.4124,2.564949357,MOF-derived,500.0,6.0,225.0,30,3.0,10.37349118,41.52607538
0.3176,Null,0.0,Al,0.4124,2.564949357,MOF-derived,500.0,6.0,250.0,30,3.0,10.37349118,41.52607538
0.5582,Null,0.0,Al,0.4124,3.713572067,MOF-derived,500.0,6.0,200.0,30,3.0,10.37349118,39.47024544
0.5582,Null,0.0,Al,0.3334,3.713572067,MOF-derived,500.0,6.0,225.0,30,3.0,10.37349118,39.47024544
0.5582,Null,0.0,Al,0.104,2.833213344,MOF-derived,500.0,6.0,250.0,30,3.0,10.37349118,39.47024544
0.5582,Null,0.0,Al,0.224,2.833213344,MOF-derived,500.0,6.0,275.0,30,3.0,10.37349118,39.47024544
0.5216,Null,0.0,Al,0.3334,2.833213344,MOF-derived,500.0,6.0,200.0,30,3.0,10.37349118,40.92782577
0.5216,Null,0.0,Al,0.3334,4.32677816,MOF-derived,500.0,6.0,225.0,30,3.0,10.37349118,40.92782577
0.5216,Null,0.0,Al,0.3334,4.063885355,MOF-derived,500.0,6.0,250.0,30,3.0,10.37349118,40.92782577
2.106,Null,0.0,Al,0.6,4.870606649,MOF-derived,500.0,6.0,200.0,30,3.0,10.37349118,42.89650223
2.106,Null,0.0,Al,0.6,4.870606649,MOF-derived,500.0,6.0,225.0,30,3.0,10.37349118,42.89650223
2.106,Null,0.0,Al,0.6,4.870606649,MOF-derived,500.0,6.0,250.0,30,3.0,10.37349118,42.89650223
0.1788,Null,0.0,Al,0.6,4.870606649,MOF-derived,350.0,3.0,200.0,30,3.0,10.37349118,49.35298656
0.1788,Null,0.0,Al,0.6,4.870606649,MOF-derived,350.0,3.0,225.0,30,3.0,10.37349118,49.35298656
0.1788,Null,0.0,Al,0.6,4.870606649,MOF-derived,350.0,3.0,250.0,30,3.0,10.37349118,49.35298656
0.3118,Null,0.0,Al,0.6,4.870606649,MOF-derived,350.0,3.0,200.0,30,3.0,10.37349118,33.89864782
0.3118,Null,0.0,Al,0.6,4.943212618,MOF-derived,350.0,3.0,225.0,30,3.0,10.37349118,33.89864782
0.3118,Null,0.0,Al,0.69,4.943212618,MOF-derived,350.0,3.0,250.0,30,3.0,10.37349118,33.89864782
0.5622,Null,0.0,Al,0.69,4.943212618,MOF-derived,350.0,3.0,200.0,30,3.0,10.37349118,31.73058824
0.5622,Null,0.0,Al,0.69,4.828473725,MOF-derived,350.0,3.0,225.0,30,3.0,10.37349118,31.73058824
0.5622,Null,0.0,Al,0.69,4.828473725,MOF-derived,350.0,3.0,250.0,30,3.0,10.37349118,31.73058824
0.6691,Null,0.0,Al,0.69,4.828473725,MOF-derived,350.0,3.0,200.0,30,3.0,10.37349118,32.03287668
0.6691,Null,0.0,Al,0.69,3.725693427,MOF-derived,350.0,3.0,225.0,30,3.0,10.37349118,32.03287668
0.6691,Null,0.0,Al,0.5716,3.725693427,MOF-derived,350.0,3.0,250.0,30,3.0,10.37349118,32.03287668
0.4545,Null,0.0,Al,0.3334,2.656967411,Co-precipitation,360.0,4.0,220.0,28,3.0,7.329749689,19.63093699
0.4545,Null,0.0,Al,0.3334,3.33220451,Co-precipitation,360.0,4.0,240.0,28,3.0,7.329749689,13.1140259
0.4545,Null,0.0,Al,0.3334,3.663561646,Co-precipitation,360.0,4.0,260.0,28,3.0,7.329749689,13.1140259
0.4545,Null,0.0,Al,0.3334,3.80666249,Co-precipitation,360.0,4.0,220.0,35,3.0,7.329749689,20.48547477
0.4545,Null,0.0,Al,0.3334,3.80666249,Co-precipitation,360.0,4.0,240.0,35,3.0,7.329749689,12.289994
0.4545,Null,0.0,Al,0.3334,3.80666249,Co-precipitation,360.0,4.0,260.0,35,3.0,7.329749689,12.289994
0.4545,Null,0.0,Al,0.3334,3.80666249,Co-precipitation,360.0,4.0,220.0,42,3.0,7.329749689,19.66821318
0.4545,Null,0.0,Al,0.3334,3.80666249,Co-precipitation,360.0,4.0,240.0,42,3.0,7.329749689,13.21839383
0.4545,Null,0.0,Al,0.3334,3.80666249,Co-precipitation,360.0,4.0,260.0,42,3.0,7.329749689,13.21839383
0.4286,Null,0.0,Null,0.0,3.80666249,Co-precipitation,500.0,2.0,210.0,20,3.0,10.08580911,21.40641247
0.4286,Null,0.0,Null,0.0,3.80666249,Co-precipitation,500.0,2.0,220.0,20,3.0,10.08580911,21.40641247
0.4286,Null,0.0,Null,0.0,3.80666249,Co-precipitation,500.0,2.0,230.0,20,3.0,10.08580911,21.40641247
0.3,Ce,0.7,Null,0.0,3.828641396,Reverse co-precipitation,431.7330961036928,3.0,230.0,40,3.0,8.699514748,46.31026556
0.3,Ce,0.7,Null,0.0,3.828641396,Reverse co-precipitation,320.63911606934505,3.0,240.0,40,3.0,8.699514748,46.31026556
0.3,Ce,0.7,Null,0.0,3.170945291,Reverse co-precipitation,495.35091682057026,2.0,250.0,40,3.0,8.699514748,46.31026556
0.3,Ce,0.7,Null,0.0,3.966511191,Reverse co-precipitation,234.66216344987862,1.0,260.0,40,3.0,8.699514748,46.31026556
0.3,Ce,0.7,Null,0.0,5.161351511,Reverse co-precipitation,450.0,3.0,230.0,40,3.0,8.699514748,26.40911514
0.3,Ce,0.7,Null,0.0,5.161351511,Reverse co-precipitation,450.0,3.0,240.0,40,3.0,8.699514748,26.40911514
0.3,Ce,0.7,Null,0.0,5.161351511,Reverse co-precipitation,450.0,3.0,250.0,40,3.0,8.699514748,26.40911514
0.3,Ce,0.7,Null,0.0,5.161351511,Reverse co-precipitation,450.0,3.0,260.0,40,3.0,8.699514748,26.40911514
0.0005572,Ce,0.1244,Null,0.0,2.424802726,MOF-derived,450.0,5.0,260.0,20,3.0,9.210340372,77.0
0.02061,Ce,0.13625,Null,0.0,2.424802726,MOF-derived,450.0,5.0,320.0,20,3.0,9.210340372,59.3
0.02061,Ce,0.13625,Null,0.0,2.424802726,MOF-derived,450.0,5.0,300.0,20,3.0,9.210340372,59.3
0.02061,Ce,0.13625,Null,0.0,2.815408719,MOF-derived,450.0,5.0,280.0,20,3.0,9.210340372,59.3
0.02061,Ce,0.13625,Null,0.0,2.815408719,MOF-derived,450.0,5.0,260.0,20,3.0,9.210340372,59.3
0.4986,Ce,0.4949,Null,0.0,2.734367509,Impregnation,450.0,5.0,260.0,20,3.0,9.210340372,65.2
0.2857,Ce,0.1429,Null,0.0,4.442651256,Co-precipitation,500.0,5.0,220.0,20,3.0,8.006367568,40.21
0.2857,Ce,0.1429,Null,0.0,4.442651256,Co-precipitation,500.0,5.0,250.0,20,3.0,8.006367568,40.21
0.2857,Ce,0.1429,Null,0.0,4.442651256,Co-precipitation,500.0,5.0,280.0,20,3.0,8.006367568,40.21
8.9804,Null,0.0,Null,0.0,2.949688335,Impregnation,400.0,4.0,200.0,30,3.0,9.798127037,12.69207831
0.0,Null,0.0,Null,0.0,2.949688335,Impregnation,400.0,4.0,220.0,30,3.0,9.798127037,12.69207831
0.0,Null,0.0,Null,0.0,2.949688335,Impregnation,400.0,4.0,240.0,30,3.0,9.798127037,12.69207831
1.0,Null,0.0,Null,0.0,4.027135813,Stearic acid hydrophobic treatment,400.0,4.0,160.0,70,3.0,8.699514748,77.89838395
1.0,Null,0.0,Null,0.0,4.160444364,Stearic acid hydrophobic treatment,400.0,4.0,180.0,70,3.0,8.699514748,77.89838395
1.0,Null,0.0,Null,0.0,4.160444364,Stearic acid hydrophobic treatment,400.0,4.0,190.0,70,3.0,8.699514748,77.89838395
1.0,Null,0.0,Null,0.0,4.160444364,Stearic acid hydrophobic treatment,400.0,4.0,200.0,70,3.0,8.699514748,77.89838395
1.0,Null,0.0,Null,0.0,4.160444364,Stearic acid hydrophobic treatment,400.0,4.0,210.0,70,3.0,8.699514748,77.89838395
0.2488,zeolite,2.11,Null,0.0,4.59511985,Ion-exchange,200.0,4.0,200.0,30,3.0,7.783224016,10.06087104
0.2488,zeolite,2.11,Null,0.0,4.59511985,Ion-exchange,200.0,4.0,230.0,30,3.0,7.783224016,10.06087104
0.2488,zeolite,2.11,Null,0.0,4.59511985,Ion-exchange,200.0,4.0,260.0,30,3.0,7.783224016,10.06087104
0.5,Null,0.0,Al,0.0625,4.700480366,MOF-derived,500.0,2.0,200.0,30,3.0,10.08580911,35.46136213
0.5,Null,0.0,Al,0.0625,4.700480366,MOF-derived,500.0,2.0,225.0,30,3.0,10.08580911,35.46136213
0.5,Null,0.0,Al,0.0625,4.700480366,MOF-derived,500.0,2.0,250.0,30,3.0,10.08580911,35.46136213
0.5,Null,0.0,Al,0.125,4.532599493,MOF-derived,500.0,2.0,200.0,30,3.0,10.08580911,17.9165094
0.5,Null,0.0,Al,0.125,4.532599493,MOF-derived,500.0,2.0,225.0,30,3.0,10.08580911,17.9165094
0.5,Null,0.0,Al,0.125,4.532599493,MOF-derived,500.0,2.0,250.0,30,3.0,10.08580911,17.9165094
0.5,Null,0.0,Al,0.25,4.532599493,MOF-derived,500.0,2.0,200.0,30,3.0,10.08580911,37.29264504
0.5,Null,0.0,Al,0.25,4.532599493,MOF-derived,500.0,2.0,225.0,30,3.0,10.08580911,37.29264504
0.5,Null,0.0,Al,0.25,4.343805422,MOF-derived,500.0,2.0,250.0,30,3.0,10.08580911,37.29264504
0.5,Null,0.0,Al,0.125,4.343805422,Co-precipitation,500.0,2.0,200.0,30,3.0,10.08580911,25.65944921
0.5,Null,0.0,Al,0.125,4.343805422,Co-precipitation,500.0,2.0,225.0,30,3.0,10.08580911,25.65944921
0.5,Null,0.0,Al,0.125,4.343805422,Co-precipitation,500.0,2.0,250.0,30,3.0,10.08580911,25.65944921
0.3417,SiO2/S,20.0,Al,0.08904,4.235554731,Impregnation,550.0,2.0,220.0,50,3.0,7.824046011,16.2
0.3417,SiO2/S,20.0,Al,0.08904,4.235554731,Impregnation,550.0,2.0,240.0,50,3.0,7.824046011,16.2
0.3417,SiO2/S,20.0,Al,0.08904,4.018183201,Impregnation,550.0,2.0,260.0,50,3.0,7.824046011,16.2
0.3417,SiO2/S,20.0,Al,0.08904,4.018183201,Impregnation,550.0,2.0,280.0,50,3.0,7.824046011,16.2
0.3365,Si,0.2494,Null,0.0,3.937690752,One-pot,550.0,2.0,220.0,50,3.0,7.824046011,6.1
0.3365,Si,0.2494,Null,0.0,3.937690752,One-pot,550.0,2.0,240.0,50,3.0,7.824046011,6.1
0.3365,Si,0.2494,Null,0.0,3.77505715,One-pot,550.0,2.0,260.0,50,3.0,7.824046011,6.1
0.3365,Si,0.2494,Null,0.0,3.77505715,One-pot,550.0,2.0,280.0,50,3.0,7.824046011,6.1
0.3407,SiO2/S,20.0,Al,0.2494,3.572345638,One-pot,550.0,2.0,220.0,50,3.0,7.824046011,9.0
0.3407,SiO2/S,20.0,Al,0.2494,3.572345638,One-pot,550.0,2.0,240.0,50,3.0,7.824046011,9.0
0.3407,SiO2/S,20.0,Al,0.2494,3.572345638,One-pot,550.0,2.0,260.0,50,3.0,7.824046011,9.0
0.3407,SiO2/S,20.0,Al,0.2494,3.572345638,One-pot,550.0,2.0,280.0,50,3.0,7.824046011,9.0
0.385,Null,0.0,Al,0.246,3.044522438,Impregnation,250.0,1.0,150.0,30,3.0,7.620705087,26.42370183
0.385,Null,0.0,Al,0.246,3.044522438,Impregnation,250.0,1.0,175.0,30,3.0,7.620705087,26.42370183
0.385,Null,0.0,Al,0.246,3.044522438,Impregnation,250.0,1.0,200.0,30,3.0,7.620705087,26.42370183
0.385,Ca,0.09793,Al,0.246,3.044522438,Impregnation,250.0,1.0,150.0,30,3.0,7.620705087,41.75172998
0.385,Ca,0.09793,Al,0.246,3.044522438,Impregnation,250.0,1.0,175.0,30,3.0,7.620705087,41.75172998
0.385,Ca,0.09793,Al,0.246,3.044522438,Impregnation,250.0,1.0,200.0,30,3.0,7.620705087,41.75172998
0.385,K,0.12532,Al,0.246,3.044522438,Impregnation,250.0,1.0,175.0,30,3.0,7.620705087,16.51436286
0.385,K,0.12532,Al,0.246,4.521788577,Impregnation,250.0,1.0,200.0,30,3.0,7.620705087,16.51436286
0.385,K,0.12532,Al,0.246,4.521788577,Impregnation,250.0,1.0,225.0,30,3.0,7.620705087,16.51436286
0.5,Null,0.0,Zr,0.1667,3.797733859,Co-precipitation,350.0,2.0,220.0,40,3.0,8.594154233,35.0
0.5,Null,0.0,Zr,0.1667,4.360547603,Co-precipitation,350.0,2.0,240.0,40,3.0,8.594154233,35.0
0.5,Null,0.0,Zr,0.1667,4.460144414,Co-precipitation,350.0,2.0,260.0,40,3.0,8.594154233,35.0
0.5,Null,0.0,Zr,0.1667,4.766438334,MOF-derived,320.0,4.0,220.0,40,3.0,8.594154233,52.0
0.5,Null,0.0,Zr,0.1667,4.766438334,MOF-derived,320.0,4.0,240.0,40,3.0,8.594154233,52.0
0.5,Null,0.0,Zr,0.1667,4.766438334,MOF-derived,320.0,4.0,260.0,40,3.0,8.594154233,52.0
0.5,Null,0.0,Zr,0.1667,4.766438334,MOF-derived,320.0,2.0,220.0,40,3.0,8.594154233,69.0
0.5,Null,0.0,Zr,0.1667,4.766438334,MOF-derived,320.0,2.0,240.0,40,3.0,8.594154233,69.0
0.5,Null,0.0,Zr,0.1667,4.241326753,MOF-derived,320.0,2.0,260.0,40,3.0,8.594154233,69.0
0.5,Null,0.0,Zr,0.1667,4.241326753,MOF-derived,450.0,4.0,220.0,40,3.0,8.594154233,58.0
0.5,Null,0.0,Zr,0.1667,4.241326753,MOF-derived,450.0,4.0,240.0,40,3.0,8.594154233,58.0
0.5,Null,0.0,Zr,0.1667,4.241326753,MOF-derived,450.0,4.0,260.0,40,3.0,8.594154233,58.0
0.5,Null,0.0,Zr,0.1667,4.241326753,MOF-derived,50.0,12.0,220.0,40,3.0,8.594154233,76.0
0.5,Null,0.0,Zr,0.1667,4.241326753,MOF-derived,50.0,12.0,240.0,40,3.0,8.594154233,76.0
0.5,Null,0.0,Zr,0.1667,4.241326753,MOF-derived,50.0,12.0,260.0,40,3.0,8.594154233,76.0
0.5,Null,0.0,Zr,0.1667,4.241326753,MOF-derived,350.0,1.0,220.0,40,3.0,8.594154233,22.0
0.5,Null,0.0,Zr,0.1667,3.725693427,MOF-derived,350.0,1.0,240.0,40,3.0,8.594154233,22.0
0.5,Null,0.0,Zr,0.1667,3.725693427,MOF-derived,350.0,1.0,260.0,40,3.0,8.594154233,22.0
1.07,Ce,0.27,Null,0.0,3.725693427,Co-precipitation,450.0,6.0,250.0,30,3.0,9.287301413,45.0
0.4712,Null,0.0,Al,0.1926,3.725693427,Co-precipitation,300.0,3.0,200.0,30,3.0,9.392661929,56.09742843
0.4712,Null,0.0,Al,0.1926,3.725693427,Co-precipitation,300.0,3.0,220.0,30,3.0,9.392661929,56.09742843
0.4712,Null,0.0,Al,0.1926,4.158883083,Co-precipitation,300.0,3.0,240.0,30,3.0,9.392661929,56.09742843
0.4712,Null,0.0,Al,0.1926,4.158883083,Co-precipitation,300.0,3.0,260.0,30,3.0,9.392661929,56.09742843
0.4803,Null,0.0,Al,0.2062,4.158883083,Hydrothermal,300.0,3.0,200.0,30,3.0,9.392661929,89.21248572
0.4803,Null,0.0,Al,0.2062,4.158883083,Hydrothermal,300.0,3.0,220.0,30,3.0,9.392661929,89.21248572
0.4803,Null,0.0,Al,0.2062,4.158883083,Hydrothermal,300.0,3.0,240.0,30,3.0,9.392661929,89.21248572
15.43,Null,0.0,Null,0.0,2.799108932,Hydrothermal,300.0,3.0,168.0,1,3.0,10.77373435,21.0
15.43,Null,0.0,Null,0.0,2.799108932,Hydrothermal,300.0,3.0,221.0,1,3.0,10.77373435,21.0
15.43,Null,0.0,Null,0.0,2.799108932,Hydrothermal,300.0,3.0,246.0,1,3.0,10.77373435,21.0
7.3089,Null,0.0,Null,0.0,3.07408124,Hydrothermal,300.0,3.0,168.0,1,3.0,10.77373435,23.0
7.3089,Null,0.0,Null,0.0,3.079613758,Hydrothermal,300.0,3.0,221.0,1,3.0,10.77373435,23.0
7.3089,Null,0.0,Null,0.0,3.079613758,Hydrothermal,300.0,3.0,246.0,1,3.0,10.77373435,23.0
0.9709,Null,0.0,Al,0.176,3.502549876,Co-precipitation,400.0,4.0,270.0,50,3.0,10.5865844,71.128
0.9,Null,0.0,Null,0.0,3.210843653,Reverse co-precipitation,550.0,2.0,260.0,50,3.0,8.006367568,10.1
0.9,Null,0.0,Null,0.0,3.210843653,Reverse co-precipitation,550.0,2.0,260.0,50,3.0,8.006367568,15.4
0.9,Null,0.0,Null,0.0,3.210843653,Reverse co-precipitation,550.0,2.0,260.0,50,3.0,8.006367568,16.8
0.5,Null,0.0,Al,0.167,3.339321978,MOF-derived,350.0,3.0,200.0,30,3.0,10.08580911,24.18053501
0.5,Null,0.0,Al,0.167,4.465908119,MOF-derived,350.0,3.0,225.0,30,3.0,10.08580911,24.18053501
0.5,Null,0.0,Al,0.167,4.465908119,MOF-derived,350.0,3.0,250.0,30,3.0,10.08580911,24.18053501
0.5,Null,0.0,Al,0.167,4.465908119,MOF-derived,350.0,3.0,275.0,30,3.0,10.08580911,24.18053501
0.5,Null,0.0,Al,0.167,4.465908119,MOF-derived,350.0,3.0,200.0,30,3.0,10.08580911,21.62861423
0.5,Null,0.0,Al,0.167,4.465908119,MOF-derived,350.0,3.0,225.0,30,3.0,10.08580911,21.62861423
0.5,Null,0.0,Al,0.167,4.465908119,MOF-derived,350.0,3.0,250.0,30,3.0,10.08580911,21.62861423
0.5,Null,0.0,Al,0.167,4.465908119,MOF-derived,350.0,3.0,275.0,30,3.0,10.08580911,21.62861423
0.5,Null,0.0,Al,0.167,4.59511985,MOF-derived,350.0,3.0,200.0,30,3.0,10.08580911,23.31663639
0.5,Null,0.0,Al,0.167,4.59511985,MOF-derived,350.0,3.0,225.0,30,3.0,10.08580911,23.31663639
0.5,Null,0.0,Al,0.167,4.59511985,MOF-derived,350.0,3.0,250.0,30,3.0,10.08580911,23.31663639
0.5,Null,0.0,Al,0.167,4.59511985,MOF-derived,350.0,3.0,275.0,30,3.0,10.08580911,23.31663639
0.5,Null,0.0,Al,0.167,4.59511985,MOF-derived,350.0,3.0,200.0,30,3.0,10.08580911,20.22875389
0.5,Null,0.0,Al,0.167,4.59511985,MOF-derived,350.0,3.0,225.0,30,3.0,10.08580911,20.22875389
0.5,Null,0.0,Al,0.167,4.59511985,MOF-derived,350.0,3.0,250.0,30,3.0,10.08580911,20.22875389
0.5,Null,0.0,Al,0.167,3.786459782,MOF-derived,350.0,3.0,275.0,30,3.0,10.08580911,20.22875389
0.5,Null,0.0,Al,0.167,3.786459782,MOF-derived,350.0,3.0,200.0,30,3.0,10.08580911,21.75640985
0.5,Null,0.0,Al,0.167,3.786459782,MOF-derived,350.0,3.0,225.0,30,3.0,10.08580911,21.75640985
0.5,Null,0.0,Al,0.167,3.786459782,MOF-derived,350.0,3.0,250.0,30,3.0,10.08580911,21.75640985
0.5,Null,0.0,Al,0.167,3.786459782,MOF-derived,350.0,3.0,275.0,30,3.0,10.08580911,21.75640985
0.5,Null,0.0,Al,0.167,3.786459782,MOF-derived,350.0,3.0,200.0,30,3.0,10.08580911,16.60226633
0.5,Null,0.0,Al,0.167,3.786459782,MOF-derived,350.0,3.0,225.0,30,3.0,10.08580911,16.60226633
0.5,Null,0.0,Al,0.167,3.068052935,MOF-derived,350.0,3.0,250.0,30,3.0,10.08580911,16.60226633
0.5,Null,0.0,Al,0.167,3.068052935,MOF-derived,350.0,3.0,275.0,30,3.0,10.08580911,16.60226633
0.5,Null,0.0,Null,0.0,6.629363253,Mechanical grinding,260.0,4.0,190.0,50,3.0,8.699514748,15.02156945
0.5,Null,0.0,Null,0.0,6.03068526,Mechanical grinding,260.0,4.0,200.0,50,3.0,8.699514748,15.02156945
0.5,Null,0.0,Null,0.0,5.046002438,Mechanical grinding,260.0,4.0,210.0,50,3.0,8.699514748,15.02156945
0.2753,Null,0.0,Zr,0.2167,4.041295341,MOF-derived,330.0,4.0,180.0,40,3.0,10.59663473,30.99559904
0.2753,Null,0.0,Zr,0.2167,3.994524227,MOF-derived,330.0,4.0,190.0,40,3.0,10.59663473,30.99559904
0.2753,Null,0.0,Zr,0.2167,4.567468319,MOF-derived,330.0,4.0,200.0,40,3.0,10.59663473,30.99559904
0.2753,Null,0.0,Zr,0.2167,4.567468319,MOF-derived,330.0,4.0,210.0,40,3.0,10.59663473,30.99559904
0.2753,Null,0.0,Zr,0.2167,4.567468319,MOF-derived,330.0,4.0,220.0,40,3.0,10.59663473,30.99559904
0.5,Null,0.0,Al,0.1667,4.025351691,Co-precipitation,350.0,3.0,180.0,40,3.0,10.59663473,36.44359505
0.5,Null,0.0,Al,0.1667,4.025351691,Co-precipitation,350.0,3.0,200.0,40,3.0,10.59663473,36.44359505
0.5,Null,0.0,Al,0.1667,3.912023005,Co-precipitation,350.0,3.0,220.0,40,3.0,10.59663473,36.44359505
0.2753,UiO-66,0.2167,Null,0.0,3.852007176405748,MOF-derived,250.0,2.0,180.0,40,3.0,10.59663473,68.26519509
0.2753,UiO-66,0.2167,Null,0.0,4.816869859475408,MOF-derived,250.0,2.0,200.0,40,3.0,10.59663473,68.26519509
0.2753,UiO-66,0.2167,Null,0.0,3.313159760453921,MOF-derived,250.0,2.0,220.0,40,3.0,10.59663473,68.26519509
0.2753,UiO-66,0.2167,Null,0.0,2.58021683,MOF-derived,250.0,2.0,240.0,40,3.0,10.59663473,68.26519509
0.2753,UiO-66,0.2167,Null,0.0,2.58021683,MOF-derived,250.0,2.0,260.0,40,3.0,10.59663473,68.26519509
0.54,Null,0.0,Zr,1.4965,3.663561646,Impregnation,500.0,3.0,200.0,30,3.0,8.213381737,41.09790632
0.54,Null,0.0,Zr,1.4965,3.713572067,Impregnation,500.0,3.0,225.0,30,3.0,8.213381737,41.09790632
0.54,Null,0.0,Zr,1.4965,3.610917913,Impregnation,500.0,3.0,250.0,30,3.0,8.213381737,41.09790632
0.54,Null,0.0,Zr,1.4965,4.905274778,Impregnation,500.0,3.0,200.0,30,3.0,8.213381737,61.356475
0.54,Null,0.0,Zr,1.4965,4.905274778,Impregnation,500.0,3.0,225.0,30,3.0,8.213381737,52.22798197
0.54,Null,0.0,Zr,1.4965,4.905274778,Impregnation,500.0,3.0,250.0,30,3.0,8.213381737,52.22798197
0.54,Null,0.0,Zr,1.4965,4.836281907,Impregnation,500.0,3.0,200.0,30,3.0,8.213381737,56.31778345
0.54,Null,0.0,Zr,1.4965,5.062595033,Impregnation,500.0,3.0,225.0,30,3.0,8.213381737,56.31778345
0.54,Null,0.0,Zr,1.4965,5.062595033,Impregnation,500.0,3.0,250.0,30,3.0,8.213381737,56.31778345
0.54,Null,0.0,Zr,1.4965,5.062595033,Impregnation,500.0,3.0,275.0,30,3.0,8.213381737,56.31778345
0.54,Null,0.0,Zr,1.4965,5.117993812,Impregnation,500.0,3.0,200.0,30,3.0,8.213381737,57.74110917
0.54,Null,0.0,Zr,1.4965,5.117993812,Impregnation,500.0,3.0,225.0,30,3.0,8.213381737,57.74110917
0.54,Null,0.0,Zr,1.4965,4.96284463,Impregnation,500.0,3.0,250.0,30,3.0,8.213381737,57.74110917
0.54,Null,0.0,Zr,1.4965,4.96284463,Impregnation,500.0,3.0,275.0,30,3.0,8.213381737,57.74110917
0.54,Null,0.0,Zr,1.4965,4.859812404,Impregnation,500.0,3.0,200.0,30,3.0,8.213381737,57.92854083
0.54,Null,0.0,Zr,1.4965,4.859812404,Impregnation,500.0,3.0,225.0,30,3.0,8.213381737,57.92854083
0.54,Null,0.0,Zr,1.4965,4.859812404,Impregnation,500.0,3.0,250.0,30,3.0,8.213381737,57.92854083
0.54,Null,0.0,Zr,1.4965,4.158883083,Impregnation,500.0,3.0,275.0,30,3.0,8.213381737,57.92854083
0.54,Null,0.0,Zr,1.4965,4.158883083,Impregnation,500.0,3.0,200.0,30,3.0,8.213381737,58.37422402
0.54,Null,0.0,Zr,1.4965,4.158883083,Impregnation,500.0,3.0,225.0,30,3.0,8.213381737,58.37422402
0.54,Null,0.0,Zr,1.4965,4.158883083,Impregnation,500.0,3.0,250.0,30,3.0,8.213381737,58.37422402
0.54,Null,0.0,Zr,1.4965,4.158883083,Impregnation,500.0,3.0,275.0,30,3.0,8.213381737,58.37422402
0.54,Null,0.0,Zr,1.4965,4.158883083,Impregnation,500.0,3.0,200.0,30,3.0,8.213381737,67.31761415
0.54,Null,0.0,Zr,1.4965,4.158883083,Impregnation,500.0,3.0,225.0,30,3.0,8.213381737,67.31761415
0.54,Null,0.0,Zr,1.4965,2.917770732,Impregnation,500.0,3.0,250.0,30,3.0,8.213381737,67.31761415
0.54,Null,0.0,Zr,1.4965,3.645449896,Impregnation,500.0,3.0,275.0,30,3.0,8.213381737,67.31761415
0.54,Null,0.0,Zr,1.4965,4.232656178,Impregnation,500.0,3.0,200.0,30,3.0,8.213381737,43.49926309
0.54,Null,0.0,Zr,1.4965,4.092676505,Impregnation,500.0,3.0,225.0,30,3.0,8.213381737,39.3792393
0.54,Null,0.0,Zr,1.4965,4.313480092,Impregnation,500.0,3.0,250.0,30,3.0,8.213381737,39.3792393
0.54,Null,0.0,Zr,1.4965,3.826029292,Impregnation,500.0,3.0,275.0,30,3.0,8.213381737,39.3792393
2.25,Ni,0.6875,Cr,0.75,3.044522438,Co-precipitation,400.0,4.0,200.0,30,2.0,9.169518377,44.87499164
2.25,Ni,0.6875,Cr,0.75,3.044522438,Co-precipitation,400.0,4.0,250.0,30,2.0,9.169518377,44.87499164
2.25,Ni,0.6875,Cr,0.75,3.044522438,Co-precipitation,400.0,4.0,300.0,30,2.0,9.169518377,44.87499164
2.25,Ni,0.6875,Cr,0.75,2.995732274,Co-precipitation,400.0,4.0,350.0,30,2.0,9.169518377,44.87499164
4.1549,Ni,0.1268,Cr,0.5211,2.995732274,Co-precipitation,400.0,4.0,200.0,30,2.0,9.169518377,50.99976058
4.1549,Ni,0.1268,Cr,0.5211,2.995732274,Co-precipitation,400.0,4.0,250.0,30,2.0,9.169518377,50.99976058
4.1549,Ni,0.1268,Cr,0.5211,4.17438727,Co-precipitation,400.0,4.0,300.0,30,2.0,9.169518377,50.99976058
4.1549,Ni,0.1268,Cr,0.5211,4.17438727,Co-precipitation,400.0,4.0,350.0,30,2.0,9.169518377,50.99976058
10.6286,Ni,0.2571,Cr,0.8286,4.298645026,Co-precipitation,400.0,4.0,200.0,30,2.0,9.169518377,38.23781148
10.6286,Ni,0.2571,Cr,0.8286,4.298645026,Co-precipitation,400.0,4.0,250.0,30,2.0,9.169518377,31.79281363
10.6286,Ni,0.2571,Cr,0.8286,4.298645026,Co-precipitation,400.0,4.0,300.0,30,2.0,9.169518377,31.79281363
0.6593,Null,0.0,Zr,0.4204,2.785011242,Co-precipitation,400.0,4.0,200.0,50,3.9,10.1266311,41.84455238
0.6593,Null,0.0,Zr,0.4204,3.555348061,Co-precipitation,400.0,4.0,220.0,50,3.9,10.1266311,41.84455238
0.6593,Null,0.0,Zr,0.4204,3.555348061,Co-precipitation,400.0,4.0,240.0,50,3.9,10.1266311,41.84455238
0.6593,Null,0.0,Zr,0.4204,3.555348061,Co-precipitation,400.0,4.0,260.0,50,3.9,10.1266311,41.84455238
0.9286,Null,0.0,Zr,0.3551,3.765840495,Co-precipitation,400.0,4.0,200.0,50,3.9,10.1266311,41.84891248
0.9286,Null,0.0,Zr,0.3551,3.765840495,Co-precipitation,400.0,4.0,220.0,50,3.9,10.1266311,41.84891248
0.9286,Null,0.0,Zr,0.3551,3.765840495,Co-precipitation,400.0,4.0,240.0,50,3.9,10.1266311,41.84891248
0.9286,Null,0.0,Zr,0.3551,3.765840495,Co-precipitation,400.0,4.0,260.0,50,3.9,10.1266311,41.84891248
0.4,Null,0.0,Zr,0.6,3.985273467,Reverse co-precipitation,400.0,4.0,200.0,40,3.0,8.594154233,37.0
0.4,Null,0.0,Zr,0.6,3.985273467,Reverse co-precipitation,400.0,4.0,220.0,40,3.0,8.594154233,37.0
0.4,Null,0.0,Zr,0.6,4.322807275,Reverse co-precipitation,400.0,4.0,240.0,40,3.0,8.594154233,37.0
0.4,Null,0.0,Zr,0.003503311,4.614129927,Impregnation,400.0,4.0,200.0,40,3.0,8.594154233,35.0
0.4,Null,0.0,Zr,0.003503311,4.614129927,Impregnation,400.0,4.0,220.0,40,3.0,8.594154233,35.0
0.4,Null,0.0,Zr,0.003503311,4.614129927,Impregnation,400.0,4.0,240.0,40,3.0,8.594154233,35.0
0.4,Null,0.0,Zr,0.008784684,4.427238977,Impregnation,400.0,4.0,200.0,40,3.0,8.594154233,31.0
0.4,Null,0.0,Zr,0.008784684,4.374498368,Impregnation,400.0,4.0,220.0,40,3.0,8.594154233,31.0
0.4,Null,0.0,Zr,0.008784684,3.955082495,Impregnation,400.0,4.0,240.0,40,3.0,8.594154233,31.0
0.4,Null,0.0,Zr,0.012323328,6.403574198,Impregnation,400.0,4.0,200.0,40,3.0,8.594154233,34.0
0.4,Null,0.0,Zr,0.012323328,5.601380541,Impregnation,400.0,4.0,220.0,40,3.0,8.594154233,34.0
0.4,Null,0.0,Zr,0.012323328,5.601380541,Impregnation,400.0,4.0,240.0,40,3.0,8.594154233,34.0
0.4,Null,0.0,Zr,0.017658103,6.740755738,Impregnation,400.0,4.0,200.0,40,3.0,8.594154233,34.0
0.4,Null,0.0,Zr,0.017658103,6.740755738,Impregnation,400.0,4.0,220.0,40,3.0,8.594154233,34.0
0.4,Null,0.0,Zr,0.017658103,6.740755738,Impregnation,400.0,4.0,240.0,40,3.0,8.594154233,34.0
0.4,Null,0.0,Zr,0.024821633,5.010635294,Impregnation,400.0,4.0,200.0,40,3.0,8.594154233,35.0
0.4,Null,0.0,Zr,0.024821633,5.010635294,Impregnation,400.0,4.0,220.0,40,3.0,8.594154233,35.0
0.4,Null,0.0,Zr,0.024821633,5.010635294,Impregnation,400.0,4.0,240.0,40,3.0,8.594154233,35.0
3.154425961,UiO-66,0.24,Null,0.0,1.589235205,MOF-derived,250.0,2.0,180.0,40,3.0,9.392661929,73.43926944
3.154425961,UiO-66,0.3273906,Null,0.0,1.280933845,MOF-derived,250.0,2.0,200.0,40,3.0,9.392661929,73.43926944
3.154425961,UiO-66,0.3273906,Null,0.0,0.405465108,MOF-derived,250.0,2.0,220.0,40,3.0,9.392661929,73.43926944
3.154425961,UiO-66,0.52,Null,0.0,-0.223143551,MOF-derived,250.0,2.0,240.0,40,3.0,9.392661929,73.43926944
3.154425961,UiO-66,0.52,Null,0.0,4.092175545,MOF-derived,250.0,2.0,260.0,40,3.0,9.392661929,73.43926944
2.349251433,UiO-66,0.52,Null,0.0,3.936130081,MOF-derived,250.0,2.0,180.0,40,3.0,9.392661929,75.28796162
2.349251433,UiO-66,0.52,Null,0.0,3.752323627,MOF-derived,250.0,2.0,200.0,40,3.0,9.392661929,75.28796162
2.349251433,UiO-66,0.52,Null,0.0,3.575430762,MOF-derived,250.0,2.0,220.0,40,3.0,9.392661929,75.28796162
2.349251433,UiO-66,0.52,Null,0.0,3.88547367,MOF-derived,250.0,2.0,240.0,40,3.0,9.392661929,75.28796162
2.349251433,UiO-66,0.1667,Null,0.0,4.753590191,MOF-derived,250.0,2.0,260.0,40,3.0,9.392661929,75.28796162
1.847082637,UiO-66,0.1667,Null,0.0,4.736198448,MOF-derived,250.0,2.0,180.0,40,3.0,9.392661929,73.71925152
1.847082637,UiO-66,0.1667,Null,0.0,4.663439094,MOF-derived,250.0,2.0,200.0,40,3.0,9.392661929,73.71925152
1.847082637,UiO-66,6.42,Null,0.0,4.564348191,MOF-derived,250.0,2.0,220.0,40,3.0,9.392661929,73.71925152
1.847082637,UiO-66,6.42,Null,0.0,5.067015628,MOF-derived,250.0,2.0,240.0,40,3.0,9.392661929,73.71925152
1.847082637,UiO-66,6.42,Null,0.0,1.071583616,MOF-derived,250.0,2.0,260.0,40,3.0,9.392661929,73.71925152
1.537907826,UiO-66,6.42,Null,0.0,5.429345629,MOF-derived,250.0,2.0,180.0,40,3.0,9.392661929,67.62638982
1.537907826,UiO-66,6.42,Null,0.0,5.384495063,MOF-derived,250.0,2.0,200.0,40,3.0,9.392661929,67.62638982
1.537907826,UiO-66,6.42,Null,0.0,5.509388337,MOF-derived,250.0,2.0,220.0,40,3.0,9.392661929,67.62638982
1.537907826,UiO-66,6.18,Null,0.0,5.85220248,MOF-derived,250.0,2.0,240.0,40,3.0,9.392661929,67.62638982
1.537907826,UiO-66,6.18,Null,0.0,6.104793232,MOF-derived,250.0,2.0,260.0,40,3.0,9.392661929,67.62638982
1.218698049,UiO-66,6.18,Null,0.0,6.327936784,MOF-derived,250.0,2.0,180.0,40,3.0,9.392661929,42.00226222
1.218698049,UiO-66,6.18,Null,0.0,6.03787092,MOF-derived,250.0,2.0,200.0,40,3.0,9.392661929,42.00226222
1.218698049,UiO-66,6.18,Null,0.0,4.479606963,MOF-derived,250.0,2.0,220.0,40,3.0,9.392661929,42.00226222
1.218698049,UiO-66,6.18,Null,0.0,4.523960131,MOF-derived,250.0,2.0,240.0,40,3.0,9.392661929,42.00226222
1.218698049,UiO-66,1.61,Null,0.0,4.573679519,MOF-derived,250.0,2.0,260.0,40,3.0,9.392661929,42.00226222
1.013429226,UiO-66,1.61,Null,0.0,4.647271362,MOF-derived,250.0,2.0,180.0,40,3.0,9.392661929,71.48715578
1.013429226,UiO-66,1.61,Null,0.0,4.579852378,MOF-derived,250.0,2.0,200.0,40,3.0,9.392661929,71.48715578
1.013429226,UiO-66,1.61,Null,0.0,4.604169686,MOF-derived,250.0,2.0,220.0,40,3.0,9.392661929,71.48715578
1.013429226,UiO-66,1.61,Null,0.0,4.573679519,MOF-derived,250.0,2.0,240.0,40,3.0,9.392661929,71.48715578
1.013429226,UiO-66,1.61,Null,0.0,4.604169686,MOF-derived,250.0,2.0,260.0,40,3.0,9.392661929,71.48715578
0.805001309,UiO-66,0.38626072,Null,0.0,4.717605615,MOF-derived,250.0,2.0,180.0,40,3.0,9.392661929,87.85434828
0.805001309,UiO-66,0.38626072,Null,0.0,4.717605615,MOF-derived,250.0,2.0,200.0,40,3.0,9.392661929,87.85434828
0.805001309,UiO-66,0.38626072,Null,0.0,4.717605615,MOF-derived,250.0,2.0,220.0,40,3.0,9.392661929,87.85434828
0.805001309,UiO-66,0.38626072,Null,0.0,4.717605615,MOF-derived,250.0,2.0,240.0,40,3.0,9.392661929,87.85434828
0.805001309,UiO-66,0.38626072,Null,0.0,4.817859279,MOF-derived,250.0,2.0,260.0,40,3.0,9.392661929,87.85434828
0.700505855,UiO-66,0.35846773,Null,0.0,4.188138442,MOF-derived,250.0,2.0,180.0,40,3.0,9.392661929,60.715287
0.700505855,UiO-66,0.35846773,Null,0.0,4.753590191,MOF-derived,250.0,2.0,200.0,40,3.0,9.392661929,60.715287
0.700505855,UiO-66,0.35846773,Null,0.0,4.852030264,MOF-derived,250.0,2.0,220.0,40,3.0,9.392661929,60.715287
0.700505855,UiO-66,0.35846773,Null,0.0,4.744932128,MOF-derived,250.0,2.0,240.0,40,3.0,9.392661929,60.715287
0.700505855,UiO-66,0.35846773,Null,0.0,4.644390899,MOF-derived,250.0,2.0,260.0,40,3.0,9.392661929,60.715287
0.78,Null,0.0,Zr,0.091,0.955511445,Co-precipitation,350.0,5.0,200.0,30,3.0,10.08580911,16.28520023
0.78,Null,0.0,Zr,0.091,3.095577609,Co-precipitation,350.0,5.0,220.0,30,3.0,10.08580911,16.28520023
0.78,Null,0.0,Zr,0.091,3.095577609,Co-precipitation,350.0,5.0,240.0,30,3.0,10.08580911,16.28520023
0.78,Null,0.0,Zr,0.091,3.095577609,Co-precipitation,350.0,5.0,260.0,30,3.0,10.08580911,16.28520023
0.78,Null,0.0,Zr,0.091,3.095577609,Co-precipitation,350.0,5.0,280.0,30,3.0,10.08580911,16.28520023
0.78,Null,0.0,Zr,0.091,3.148453361,Co-precipitation,350.0,5.0,300.0,30,3.0,10.08580911,16.28520023
0.58,Null,0.0,Zr,0.18,3.148453361,Co-precipitation,350.0,5.0,200.0,30,3.0,10.08580911,33.92926404
0.58,Null,0.0,Zr,0.18,3.148453361,Co-precipitation,350.0,5.0,220.0,30,3.0,10.08580911,33.92926404
0.58,Null,0.0,Zr,0.18,3.148453361,Co-precipitation,350.0,5.0,240.0,30,3.0,10.08580911,33.92926404
0.58,Null,0.0,Zr,0.18,3.47506723,Co-precipitation,350.0,5.0,260.0,30,3.0,10.08580911,33.92926404
0.58,Null,0.0,Zr,0.18,3.47506723,Co-precipitation,350.0,5.0,280.0,30,3.0,10.08580911,33.92926404
0.39,Null,0.0,Zr,0.27,3.47506723,Co-precipitation,350.0,5.0,200.0,30,3.0,10.08580911,53.96221723
0.39,Null,0.0,Zr,0.27,2.667228207,Co-precipitation,350.0,5.0,220.0,30,3.0,10.08580911,53.96221723
0.39,Null,0.0,Zr,0.27,2.667228207,Co-precipitation,350.0,5.0,240.0,30,3.0,10.08580911,53.96221723
0.39,Null,0.0,Zr,0.27,2.667228207,Co-precipitation,350.0,5.0,260.0,30,3.0,10.08580911,53.96221723
0.39,Null,0.0,Zr,0.27,2.667228207,Co-precipitation,350.0,5.0,280.0,30,3.0,10.08580911,53.96221723
0.19,Null,0.0,Zr,0.36,3.543853682,Co-precipitation,350.0,5.0,220.0,30,3.0,10.08580911,23.39063723
0.19,Null,0.0,Zr,0.36,3.543853682,Co-precipitation,350.0,5.0,240.0,30,3.0,10.08580911,23.39063723
0.19,Null,0.0,Zr,0.36,3.543853682,Co-precipitation,350.0,5.0,260.0,30,3.0,10.08580911,23.39063723
0.19,Null,0.0,Zr,0.36,3.543853682,Co-precipitation,350.0,5.0,280.0,30,3.0,10.08580911,23.39063723
0.1667,Mn,0.1667,Zr,0.1667,5.545177444,Sol-gel,650.0,4.0,230.0,50,3.0,8.29404964,23.62965027
0.1667,Mn,0.1667,Zr,0.1667,5.545177444,Sol-gel,650.0,4.0,240.0,50,3.0,8.29404964,23.62965027
0.1667,Mn,0.1667,Zr,0.1667,5.545177444,Sol-gel,650.0,4.0,250.0,50,3.0,8.29404964,23.62965027
0.1667,Mn,0.1667,Zr,0.1667,5.545177444,Sol-gel,650.0,4.0,260.0,50,3.0,8.29404964,23.62965027
0.729,Null,0.0,Zr,0.209,5.442417711,Deposition-coprecipitation,430.0,3.0,200.0,20,3.0,8.517193191,6.647597691
0.729,Null,0.0,Zr,0.209,5.442417711,Deposition-coprecipitation,430.0,3.0,220.0,20,3.0,8.517193191,6.647597691
0.729,Null,0.0,Zr,0.209,5.442417711,Deposition-coprecipitation,430.0,3.0,240.0,20,3.0,8.517193191,6.647597691
0.729,Null,0.0,Zr,0.209,6.09356977,Deposition-coprecipitation,430.0,3.0,260.0,20,3.0,8.517193191,6.647597691
0.729,Null,0.0,Zr,0.627,5.521460918,Deposition-coprecipitation,430.0,3.0,200.0,20,3.0,8.517193191,14.28015498
0.729,Null,0.0,Zr,0.627,5.521460918,Deposition-coprecipitation,430.0,3.0,220.0,20,3.0,8.517193191,14.28015498
0.729,Null,0.0,Zr,0.627,5.521460918,Deposition-coprecipitation,430.0,3.0,240.0,20,3.0,8.517193191,14.28015498
0.729,Null,0.0,Zr,0.627,5.521460918,Deposition-coprecipitation,430.0,3.0,260.0,20,3.0,8.517193191,14.28015498
0.729,Null,0.0,Zr,0.627,4.875197323,Deposition-coprecipitation,600.0,2.0,200.0,20,3.0,8.517193191,16.74686843
0.729,Null,0.0,Zr,0.627,4.088606406928944,Deposition-coprecipitation,600.0,2.0,220.0,20,3.0,8.517193191,16.74686843
0.729,Null,0.0,Zr,0.627,4.792485402621656,Deposition-coprecipitation,600.0,2.0,240.0,20,3.0,8.517193191,16.74686843
0.5,Null,0.0,Null,0.0,2.701361213,Co-precipitation,350.0,2.0,225.0,20,3.0,9.392661929,13.37471353
0.5,Null,0.0,Null,0.0,2.701361213,Co-precipitation,350.0,2.0,250.0,20,3.0,9.392661929,13.37471353
0.5,Null,0.0,Null,0.0,2.701361213,Co-precipitation,350.0,2.0,275.0,20,3.0,9.392661929,13.37471353
0.5,Null,0.0,Null,0.0,2.701361213,Co-precipitation,350.0,2.0,300.0,20,3.0,9.392661929,13.37471353
0.5,Null,0.0,Null,0.0,2.701361213,Co-precipitation,350.0,2.0,225.0,20,3.0,9.392661929,14.18265587
0.5,Null,0.0,Null,0.0,2.701361213,Co-precipitation,350.0,2.0,250.0,20,3.0,9.392661929,14.18265587
0.5,Null,0.0,Null,0.0,2.701361213,Co-precipitation,350.0,2.0,275.0,20,3.0,9.392661929,14.18265587
0.5,Null,0.0,Null,0.0,2.701361213,Co-precipitation,350.0,2.0,225.0,20,3.0,9.392661929,55.37890515
0.5,Null,0.0,Null,0.0,2.701361213,Co-precipitation,350.0,2.0,250.0,20,3.0,9.392661929,55.37890515
0.5,Null,0.0,Null,0.0,2.701361213,Co-precipitation,350.0,2.0,275.0,20,3.0,9.392661929,55.37890515
0.5,Null,0.0,Null,0.0,2.701361213,Co-precipitation,350.0,2.0,300.0,20,3.0,9.392661929,55.37890515
1.0,N_C/S,20.0,Null,0.0,2.701361213,Impregnation,350.0,2.0,200.0,15,3.0,9.187685681,36.99928359
1.0,N_C/S,20.0,Null,0.0,2.701361213,Impregnation,350.0,2.0,220.0,15,3.0,9.187685681,36.99928359
1.0,N_C/S,20.0,Null,0.0,2.701361213,Impregnation,350.0,2.0,240.0,15,3.0,9.187685681,36.99928359
1.0,N_C/S,20.0,Null,0.0,4.276666119,Impregnation,350.0,2.0,250.0,15,3.0,9.187685681,36.99928359
0.344,Mg,2.487,Al,1.72,4.007333185,Co-precipitation,400.0,3.0,250.0,30,3.0,9.61580548,42.50712621
0.344,Mg,2.487,Al,1.72,4.007333185,Co-precipitation,400.0,3.0,260.0,30,3.0,9.61580548,42.50712621
0.344,Mg,2.487,Al,1.72,3.871201011,Co-precipitation,400.0,3.0,270.0,30,3.0,9.61580548,42.50712621
0.545,Mg,2.188,Al,1.795,3.871201011,Co-precipitation,400.0,3.0,250.0,30,3.0,9.61580548,22.57638714
0.545,Mg,2.188,Al,1.795,3.871201011,Co-precipitation,400.0,3.0,260.0,30,3.0,9.61580548,22.57638714
0.545,Mg,2.188,Al,1.795,4.110873864,Co-precipitation,400.0,3.0,270.0,30,3.0,9.61580548,22.57638714
0.641,Mg,2.226,Al,1.919,4.110873864,Co-precipitation,400.0,3.0,250.0,30,3.0,9.61580548,12.03163284
0.641,Mg,2.226,Al,1.919,4.110873864,Co-precipitation,400.0,3.0,260.0,30,3.0,9.61580548,12.03163284
0.641,Mg,2.226,Al,1.919,3.828641396,Co-precipitation,400.0,3.0,270.0,30,3.0,9.61580548,12.03163284
0.5,Null,0.0,Null,0.0,5.47478851,Co-precipitation,450.0,4.0,170.0,20,3.0,10.77895629,61.20937373
0.5,Null,0.0,Null,0.0,5.47478851,Co-precipitation,450.0,4.0,180.0,20,3.0,10.77895629,61.20937373
0.5,Null,0.0,Null,0.0,5.47478851,Co-precipitation,450.0,4.0,190.0,20,3.0,10.77895629,61.20937373
0.5,Null,0.0,Null,0.0,5.47478851,Co-precipitation,450.0,4.0,200.0,20,3.0,10.77895629,61.20937373
0.5,Null,0.0,Null,0.0,5.47478851,Co-precipitation,450.0,4.0,170.0,20,3.0,10.77895629,57.06222139
0.5,Null,0.0,Null,0.0,5.535363823,Co-precipitation,450.0,4.0,180.0,20,3.0,10.77895629,57.06222139
0.5,Null,0.0,Null,0.0,5.535363823,Co-precipitation,450.0,4.0,190.0,20,3.0,10.77895629,57.06222139
0.5,Null,0.0,Null,0.0,5.535363823,Co-precipitation,450.0,4.0,200.0,20,3.0,10.77895629,57.06222139
0.5,Null,0.0,Null,0.0,5.535363823,Co-precipitation,450.0,4.0,170.0,20,3.0,10.77895629,66.48545188
0.5,Null,0.0,Null,0.0,5.535363823,Co-precipitation,450.0,4.0,180.0,20,3.0,10.77895629,66.48545188
0.5,Null,0.0,Null,0.0,5.59805152,Co-precipitation,450.0,4.0,190.0,20,3.0,10.77895629,66.48545188
0.5,Null,0.0,Null,0.0,5.59805152,Co-precipitation,450.0,4.0,170.0,20,3.0,10.77895629,89.83862239
0.5,Null,0.0,Null,0.0,5.59805152,Co-precipitation,450.0,4.0,180.0,20,3.0,10.77895629,89.83862239
0.5,Null,0.0,Null,0.0,5.59805152,Co-precipitation,450.0,4.0,190.0,20,3.0,10.77895629,89.83862239
0.5,Null,0.0,Null,0.0,5.59805152,Co-precipitation,450.0,4.0,170.0,20,3.0,10.77895629,72.45982367
0.5,Null,0.0,Null,0.0,5.47478851,Co-precipitation,450.0,4.0,180.0,20,3.0,10.77895629,72.45982367
0.5,Null,0.0,Null,0.0,5.47478851,Co-precipitation,450.0,4.0,190.0,20,3.0,10.77895629,72.45982367
0.5,Null,0.0,Null,0.0,5.535363823,Co-precipitation,450.0,4.0,210.0,20,3.0,10.77895629,72.45982367
0.5,Null,0.0,Null,0.0,5.535363823,Co-precipitation,450.0,4.0,170.0,20,3.0,10.77895629,65.36348314
0.5,Null,0.0,Null,0.0,5.59805152,Co-precipitation,450.0,4.0,180.0,20,3.0,10.77895629,65.36348314
0.5,Null,0.0,Null,0.0,5.59805152,Co-precipitation,450.0,4.0,190.0,20,3.0,10.77895629,65.36348314
0.5,Null,0.0,Null,0.0,5.365976015,Co-precipitation,450.0,4.0,210.0,20,3.0,10.77895629,65.36348314
0.5,Null,0.0,Al,1.0,5.384495063,Co-precipitation,350.0,3.0,200.0,20,3.0,8.188689124,22.27248081
0.5,Null,0.0,Al,1.0,5.384495063,Co-precipitation,350.0,3.0,225.0,20,3.0,8.188689124,22.27248081
0.5,Null,0.0,Al,1.0,5.407171771,Co-precipitation,350.0,3.0,250.0,20,3.0,8.188689124,22.27248081
0.4933,SiO2/S,20.0,Null,0.0,5.407171771,Templating,450.0,5.0,220.0,20,3.0,8.29404964,37.14392462
0.4933,SiO2/S,20.0,Null,0.0,5.407171771,Templating,450.0,5.0,240.0,20,3.0,8.29404964,37.14392462
0.4933,SiO2/S,20.0,Null,0.0,5.407171771,Templating,450.0,5.0,260.0,20,3.0,8.29404964,37.14392462
0.4933,SiO2/S,20.0,Null,0.0,5.407171771,Templating,450.0,5.0,280.0,20,3.0,8.29404964,37.14392462
0.4933,SiO2/S,20.0,Null,0.0,4.391976966,Templating,450.0,5.0,300.0,20,3.0,8.29404964,37.14392462
0.4267,SiO2/S,20.0,Null,0.0,4.391976966,Sol-gel,450.0,5.0,220.0,20,3.0,8.29404964,37.69852626
0.4267,SiO2/S,20.0,Null,0.0,4.391976966,Sol-gel,450.0,5.0,240.0,20,3.0,8.29404964,37.69852626
0.4267,SiO2/S,20.0,Null,0.0,4.391976966,Sol-gel,450.0,5.0,260.0,20,3.0,8.29404964,37.69852626
0.4267,SiO2/S,20.0,Null,0.0,4.060443011,Sol-gel,450.0,5.0,280.0,20,3.0,8.29404964,37.69852626
0.4212,SiO2/S,20.0,Null,0.0,4.060443011,Impregnation,450.0,5.0,220.0,20,3.0,8.29404964,30.95013921
0.4212,SiO2/S,20.0,Null,0.0,4.060443011,Impregnation,450.0,5.0,240.0,20,3.0,8.29404964,30.95013921
0.4212,SiO2/S,20.0,Null,0.0,4.060443011,Impregnation,450.0,5.0,260.0,20,3.0,8.29404964,30.95013921
0.4212,SiO2/S,20.0,Null,0.0,3.299533728,Impregnation,450.0,5.0,280.0,20,3.0,8.29404964,30.95013921
0.44,Null,0.0,Al,6.34,2.602689685,Impregnation,300.0,2.0,200.0,40,3.0,8.699514748,20.40086923
0.44,Null,0.0,Al,6.34,2.602689685,Impregnation,300.0,2.0,220.0,40,3.0,8.699514748,20.40086923
0.44,Null,0.0,Al,6.34,2.602689685,Impregnation,300.0,2.0,240.0,40,3.0,8.699514748,20.40086923
0.44,Null,0.0,Al,6.34,4.146304301,Impregnation,300.0,2.0,200.0,40,3.0,8.699514748,9.470087347
0.44,Null,0.0,Al,6.34,3.401197382,Impregnation,300.0,2.0,220.0,40,3.0,8.699514748,9.470087347
0.44,Null,0.0,Al,6.34,3.63758616,Impregnation,300.0,2.0,240.0,40,3.0,8.699514748,9.470087347
0.88,Null,0.0,Al,5.64,3.63758616,Impregnation,300.0,2.0,200.0,40,3.0,8.699514748,11.08939695
0.88,Null,0.0,Al,5.64,3.63758616,Impregnation,300.0,2.0,220.0,40,3.0,8.699514748,11.08939695
0.88,Null,0.0,Al,5.64,3.63758616,Impregnation,300.0,2.0,240.0,40,3.0,8.699514748,11.08939695
1.33,Null,0.0,Al,4.94,4.587413464,Impregnation,300.0,2.0,200.0,40,3.0,8.699514748,18.60294815
1.33,Null,0.0,Al,4.94,4.507116246,Impregnation,300.0,2.0,220.0,40,3.0,8.699514748,18.60294815
1.33,Null,0.0,Al,4.94,4.552823706,Impregnation,300.0,2.0,240.0,40,3.0,8.699514748,18.60294815
1.599,Null,0.0,Zr,0.225,3.33220451,Co-precipitation,350.0,4.0,200.0,30,3.0,9.082507,28.1155545
1.599,Null,0.0,Zr,0.225,4.718498871,Co-precipitation,350.0,4.0,220.0,30,3.0,9.082507,28.1155545
1.599,Null,0.0,Zr,0.225,4.369447852,Co-precipitation,350.0,4.0,240.0,30,3.0,9.082507,28.1155545
0.486,γ-Al2O3,1.091,Null,0.0,4.317488114,Impregnation,400.0,3.0,250.0,30,3.0,9.392661929,8.223025564
0.486,γ-Al2O3,1.091,Null,0.0,3.465735903,Impregnation,400.0,3.0,275.0,30,3.0,9.392661929,8.223025564
0.486,γ-Al2O3,1.091,Null,0.0,4.779123493,Impregnation,400.0,3.0,300.0,30,3.0,9.392661929,8.223025564
0.486,γ-Al2O3,1.4545,Ba,0.231,4.762173935,Impregnation,400.0,3.0,150.0,30,3.0,9.392661929,23.3709263
0.486,γ-Al2O3,1.4545,Ba,0.231,4.624972813,Impregnation,400.0,3.0,175.0,30,3.0,9.392661929,23.3709263
0.486,γ-Al2O3,1.4545,Ba,0.231,4.700480366,Impregnation,400.0,3.0,200.0,30,3.0,9.392661929,23.3709263
0.486,γ-Al2O3,1.4545,Ba,0.231,1.360976553,Impregnation,400.0,3.0,225.0,30,3.0,9.392661929,23.3709263
0.486,γ-Al2O3,0.935,Ba,0.173,1.360976553,Impregnation,400.0,3.0,130.0,30,3.0,9.392661929,23.3086596
0.486,γ-Al2O3,0.935,Ba,0.173,1.360976553,Impregnation,400.0,3.0,150.0,30,3.0,9.392661929,23.3086596
0.486,γ-Al2O3,0.935,Ba,0.173,1.360976553,Impregnation,400.0,3.0,175.0,30,3.0,9.392661929,23.3086596
0.486,γ-Al2O3,0.935,Ba,0.173,1.360976553,Impregnation,400.0,3.0,200.0,30,3.0,9.392661929,23.3086596
0.486,γ-Al2O3,0.935,Ba,0.173,1.360976553,Impregnation,400.0,3.0,225.0,30,3.0,9.392661929,23.3086596
1.0,Null,0.0,Null,0.0,4.605170186,MOF-derived,150.0,12.0,160.0,20,3.0,10.40426284,69.2
1.0,Null,0.0,Null,0.0,4.043051268,MOF-derived,150.0,12.0,180.0,20,3.0,10.40426284,69.2
1.0,Null,0.0,Null,0.0,3.931825633,MOF-derived,150.0,12.0,200.0,20,3.0,10.40426284,69.2
1.0,Null,0.0,Null,0.0,4.262679877,MOF-derived,150.0,12.0,220.0,20,3.0,10.40426284,69.2
1.0,Null,0.0,Null,0.0,4.262679877,MOF-derived,150.0,12.0,160.0,20,3.0,10.40426284,78.6
1.0,Null,0.0,Null,0.0,4.262679877,MOF-derived,150.0,12.0,180.0,20,3.0,10.40426284,78.6
1.0,Null,0.0,Null,0.0,4.262679877,MOF-derived,150.0,12.0,200.0,20,3.0,10.40426284,78.6
1.0,Null,0.0,Null,0.0,4.262679877,MOF-derived,150.0,12.0,220.0,20,3.0,10.40426284,78.6
2.66,Fe,5.33,Null,0.0,4.262679877,Deposition-coprecipitation,300.0,2.0,220.0,45,3.0,9.980448594,27.82149954
2.66,Fe,5.33,Null,0.0,4.262679877,Deposition-coprecipitation,300.0,2.0,240.0,45,3.0,9.980448594,27.82149954
2.66,Fe,5.33,Null,0.0,4.262679877,Deposition-coprecipitation,300.0,2.0,260.0,45,3.0,9.980448594,27.82149954
2.66,Fe,5.33,Null,0.0,4.262679877,Deposition-coprecipitation,300.0,2.0,280.0,45,3.0,9.980448594,27.82149954
0.88,Fe,1.76,Null,0.0,4.262679877,Deposition-coprecipitation,300.0,2.0,220.0,45,3.0,9.980448594,27.74157992
0.88,Fe,1.76,Null,0.0,4.262679877,Deposition-coprecipitation,300.0,2.0,240.0,45,3.0,9.980448594,27.74157992
0.88,Fe,1.76,Null,0.0,4.262679877,Deposition-coprecipitation,300.0,2.0,260.0,45,3.0,9.980448594,27.74157992
0.88,Fe,1.76,Null,0.0,4.262679877,Deposition-coprecipitation,300.0,2.0,280.0,45,3.0,9.980448594,27.74157992
0.54,Fe,1.07,Null,0.0,4.262679877,Deposition-coprecipitation,300.0,2.0,220.0,45,3.0,9.980448594,26.06341758
0.54,Fe,1.07,Null,0.0,4.262679877,Deposition-coprecipitation,300.0,2.0,240.0,45,3.0,9.980448594,26.06341758
0.54,Fe,1.07,Null,0.0,4.262679877,Deposition-coprecipitation,300.0,2.0,260.0,45,3.0,9.980448594,26.06341758
0.54,Fe,1.07,Null,0.0,4.262679877,Deposition-coprecipitation,300.0,2.0,280.0,45,3.0,9.980448594,26.06341758
0.38,Fe,0.76,Null,0.0,4.262679877,Deposition-coprecipitation,300.0,2.0,220.0,45,3.0,9.980448594,24.01537293
0.38,Fe,0.76,Null,0.0,4.262679877,Deposition-coprecipitation,300.0,2.0,240.0,45,3.0,9.980448594,24.01537293
0.38,Fe,0.76,Null,0.0,4.262679877,Deposition-coprecipitation,300.0,2.0,260.0,45,3.0,9.980448594,24.01537293
0.38,Fe,0.76,Null,0.0,4.262679877,Deposition-coprecipitation,300.0,2.0,280.0,45,3.0,9.980448594,24.01537293
0.8,Fe,0.8,Null,0.0,4.33073334,Deposition-coprecipitation,300.0,2.0,220.0,45,3.0,9.980448594,25.97571026
0.8,Fe,0.8,Null,0.0,5.280153396,Deposition-coprecipitation,300.0,2.0,240.0,45,3.0,9.980448594,25.97571026
0.8,Fe,0.8,Null,0.0,5.202907182,Deposition-coprecipitation,300.0,2.0,260.0,45,3.0,9.980448594,25.97571026
0.8,Fe,0.8,Null,0.0,5.245443877,Deposition-coprecipitation,300.0,2.0,280.0,45,3.0,9.980448594,25.97571026
1.06,Fe,0.53,Null,0.0,5.245443877,Deposition-coprecipitation,300.0,2.0,220.0,45,3.0,9.980448594,21.80695843
1.06,Fe,0.53,Null,0.0,5.245443877,Deposition-coprecipitation,300.0,2.0,240.0,45,3.0,9.980448594,21.80695843
1.06,Fe,0.53,Null,0.0,5.245443877,Deposition-coprecipitation,300.0,2.0,260.0,45,3.0,9.980448594,21.80695843
1.06,Fe,0.53,Null,0.0,5.245443877,Deposition-coprecipitation,300.0,2.0,280.0,45,3.0,9.980448594,21.80695843
1.59,Null,0.0,Null,0.0,5.245443877,Deposition-coprecipitation,300.0,2.0,220.0,45,3.0,9.980448594,23.85770887
1.59,Null,0.0,Null,0.0,5.245443877,Deposition-coprecipitation,300.0,2.0,240.0,45,3.0,9.980448594,23.85770887
1.59,Null,0.0,Null,0.0,5.245443877,Deposition-coprecipitation,300.0,2.0,260.0,45,3.0,9.980448594,23.85770887
1.59,Null,0.0,Null,0.0,5.245443877,Deposition-coprecipitation,300.0,2.0,280.0,45,3.0,9.980448594,23.85770887
0.5,Null,0.0,Al,6.42,5.245443877,Impregnation,450.0,4.0,170.0,40,3.0,10.77895629,39.19548686
0.5,Null,0.0,Al,6.42,0.09531018,Impregnation,450.0,4.0,190.0,40,3.0,10.77895629,39.19548686
0.5,Null,0.0,Al,6.42,0.336472237,Impregnation,450.0,4.0,210.0,40,3.0,10.77895629,39.19548686
0.5,Null,0.0,Al,6.42,0.182321557,Impregnation,450.0,4.0,230.0,40,3.0,10.77895629,39.19548686
0.5,Si,0.21,Al,6.18,6.163314804,Impregnation,450.0,4.0,170.0,40,3.0,10.77895629,40.27945616
0.5,Si,0.21,Al,6.18,6.152732695,Impregnation,450.0,4.0,190.0,40,3.0,10.77895629,40.27945616
0.5,Si,0.21,Al,6.18,3.135494216,Impregnation,450.0,4.0,210.0,40,3.0,10.77895629,40.27945616
0.5,Si,0.21,Al,6.18,3.135494216,Impregnation,450.0,4.0,230.0,40,3.0,10.77895629,40.27945616
0.5,Si,4.07,Al,1.61,3.135494216,Impregnation,450.0,4.0,170.0,40,3.0,10.77895629,58.88723311
0.5,Si,4.07,Al,1.61,3.135494216,Impregnation,450.0,4.0,190.0,40,3.0,10.77895629,58.88723311
0.5,Si,4.07,Al,1.61,3.135494216,Impregnation,450.0,4.0,210.0,40,3.0,10.77895629,58.88723311
0.5,Si,4.07,Al,1.61,3.135494216,Impregnation,450.0,4.0,230.0,40,3.0,10.77895629,58.88723311
0.5,Si,5.45,Null,0.0,3.135494216,Impregnation,450.0,4.0,170.0,40,3.0,10.77895629,43.42014324
0.5,Si,5.45,Null,0.0,3.135494216,Impregnation,450.0,4.0,190.0,40,3.0,10.77895629,43.42014324
0.5,Si,5.45,Null,0.0,3.135494216,Impregnation,450.0,4.0,210.0,40,3.0,10.77895629,43.42014324
0.5,Si,5.45,Null,0.0,3.135494216,Impregnation,450.0,4.0,230.0,40,3.0,10.77895629,43.42014324
0.5,Null,0.0,Zr,0.75,3.346389145,Co-precipitation,600.0,6.0,220.0,30,2.0,8.29404964,36.86090403
0.5,Null,0.0,Zr,0.75,3.346389145,Co-precipitation,600.0,6.0,240.0,30,2.0,8.29404964,36.86090403
0.5,Null,0.0,Zr,0.75,3.346389145,Co-precipitation,600.0,6.0,250.0,30,2.0,8.29404964,36.86090403
0.5,Null,0.0,Zr,0.75,3.401197382,Co-precipitation,600.0,6.0,220.0,30,3.0,8.29404964,25.70196492
0.5,Null,0.0,Zr,0.75,3.401197382,Co-precipitation,600.0,6.0,240.0,30,3.0,8.29404964,25.70196492
0.5,Null,0.0,Zr,0.75,3.401197382,Co-precipitation,600.0,6.0,250.0,30,3.0,8.29404964,25.70196492
0.5,Null,0.0,Zr,0.75,3.871201011,Co-precipitation,600.0,6.0,220.0,30,4.0,8.29404964,35.94353525
0.5,Null,0.0,Zr,0.75,3.871201011,Co-precipitation,600.0,6.0,240.0,30,4.0,8.29404964,35.94353525
0.5,Null,0.0,Zr,0.75,3.871201011,Co-precipitation,600.0,6.0,250.0,30,4.0,8.29404964,35.94353525
0.539,Si,6.476,Null,0.0,4.247065649,Precipitation,350.0,4.0,210.0,30,3.0,8.188689124,27.09533737
0.539,Si,6.476,Null,0.0,4.244200318,Precipitation,350.0,4.0,230.0,30,3.0,8.188689124,27.09533737
0.539,Si,6.476,Null,0.0,4.162003211,Precipitation,350.0,4.0,250.0,30,3.0,8.188689124,27.09533737
0.539,Si,6.476,Null,0.0,4.261270434,Co-precipitation,350.0,4.0,210.0,30,3.0,8.188689124,29.94993094
0.539,Si,6.476,Null,0.0,4.261270434,Co-precipitation,350.0,4.0,230.0,30,3.0,8.188689124,29.94993094
0.539,Si,6.476,Null,0.0,4.261270434,Co-precipitation,350.0,4.0,250.0,30,3.0,8.188689124,29.94993094
0.539,Si,6.476,Null,0.0,4.852030264,Reverse co-precipitation,350.0,4.0,210.0,30,3.0,8.188689124,41.64536607
0.539,Si,6.476,Null,0.0,5.159055299,Reverse co-precipitation,350.0,4.0,230.0,30,3.0,8.188689124,41.64536607
0.539,Si,6.476,Null,0.0,5.159055299,Reverse co-precipitation,350.0,4.0,250.0,30,3.0,8.188689124,41.64536607
0.7356,Null,0.0,Null,0.0,4.143134726,MOF-derived,600.0,4.0,200.0,30,3.0,8.699514748,35.52025831
0.7356,Null,0.0,Null,0.0,4.143134726,MOF-derived,600.0,4.0,230.0,30,3.0,8.699514748,35.52025831
0.7356,Null,0.0,Null,0.0,3.799973502,MOF-derived,600.0,4.0,250.0,30,3.0,8.699514748,35.52025831
0.7356,Null,0.0,Null,0.0,3.799973502,MOF-derived,600.0,4.0,270.0,30,3.0,8.699514748,35.52025831
2.032,Null,0.0,Null,0.0,2.954910279,MOF-derived,600.0,4.0,200.0,30,3.0,8.699514748,79.99643885
2.032,Null,0.0,Null,0.0,2.954910279,MOF-derived,600.0,4.0,230.0,30,3.0,8.699514748,79.99643885
2.032,Null,0.0,Null,0.0,2.954910279,MOF-derived,600.0,4.0,250.0,30,3.0,8.699514748,79.99643885
0.6683,Null,0.0,Null,0.0,4.143134726,MOF-derived,600.0,4.0,200.0,30,3.0,8.699514748,56.15990776
0.6683,Null,0.0,Null,0.0,3.799973502,MOF-derived,600.0,4.0,230.0,30,3.0,8.699514748,56.15990776
0.6683,Null,0.0,Null,0.0,3.799973502,MOF-derived,600.0,4.0,250.0,30,3.0,8.699514748,56.15990776
0.6683,Null,0.0,Null,0.0,3.799973502,MOF-derived,600.0,4.0,270.0,30,3.0,8.699514748,56.15990776
0.4354,Null,0.0,Null,0.0,2.954910279,MOF-derived,600.0,4.0,200.0,30,3.0,8.699514748,62.04009665
0.4354,Null,0.0,Null,0.0,2.954910279,MOF-derived,600.0,4.0,230.0,30,3.0,8.699514748,62.04009665
0.4354,Null,0.0,Null,0.0,5.347107531,MOF-derived,600.0,4.0,250.0,30,3.0,8.699514748,62.04009665
6.236,Null,0.0,Null,0.0,3.478158423,Impregnation,350.0,4.0,220.0,30,3.0,8.188689124,28.55296355
6.236,Null,0.0,Null,0.0,3.478158423,Impregnation,350.0,4.0,240.0,30,3.0,8.188689124,28.55296355
6.236,Null,0.0,Null,0.0,6.378426184,Impregnation,350.0,4.0,260.0,30,3.0,8.188689124,28.55296355
6.236,Null,0.0,Null,0.0,6.378426184,Impregnation,350.0,4.0,280.0,30,3.0,8.188689124,28.55296355
7.77,Null,0.0,Null,0.0,3.507357577,Impregnation,350.0,4.0,220.0,30,3.0,8.188689124,27.47823296
7.77,Null,0.0,Null,0.0,3.507357577,Impregnation,350.0,4.0,240.0,30,3.0,8.188689124,27.47823296
7.77,Null,0.0,Null,0.0,3.507357577,Impregnation,350.0,4.0,260.0,30,3.0,8.188689124,27.47823296
7.77,Null,0.0,Null,0.0,3.507357577,Impregnation,350.0,4.0,280.0,30,3.0,8.188689124,27.47823296
8.582,Null,0.0,Null,0.0,3.771150447,Impregnation,350.0,4.0,220.0,30,3.0,8.188689124,23.26065864
8.582,Null,0.0,Null,0.0,3.771150447,Impregnation,350.0,4.0,240.0,30,3.0,8.188689124,23.26065864
8.582,Null,0.0,Null,0.0,3.771150447,Impregnation,350.0,4.0,260.0,30,3.0,8.188689124,23.26065864
8.582,Null,0.0,Null,0.0,3.771150447,Impregnation,350.0,4.0,280.0,30,3.0,8.188689124,23.26065864
0.8989,Null,0.0,Null,0.0,3.96783607,MOF-derived,500.0,6.0,220.0,45,3.0,9.980448594,36.17528869
0.8989,Null,0.0,Null,0.0,3.96783607,MOF-derived,500.0,6.0,240.0,45,3.0,9.980448594,36.17528869
0.8989,Null,0.0,Null,0.0,3.96783607,MOF-derived,500.0,6.0,260.0,45,3.0,9.980448594,36.17528869
0.3696,Null,0.0,Null,0.0,3.870784257,MOF-derived,500.0,6.0,220.0,45,3.0,9.980448594,41.38127361
0.3696,Null,0.0,Null,0.0,3.870784257,MOF-derived,500.0,6.0,240.0,45,3.0,9.980448594,41.38127361
0.3696,Null,0.0,Null,0.0,3.870784257,MOF-derived,500.0,6.0,260.0,45,3.0,9.980448594,41.38127361
0.3696,Null,0.0,Null,0.0,3.870784257,MOF-derived,500.0,6.0,270.0,45,3.0,9.980448594,41.38127361
0.24876,Null,0.0,Null,0.0,3.8495091,MOF-derived,500.0,6.0,220.0,45,3.0,9.980448594,39.11512925
0.24876,Null,0.0,Null,0.0,3.8495091,MOF-derived,500.0,6.0,240.0,45,3.0,9.980448594,39.11512925
0.24876,Null,0.0,Null,0.0,3.8495091,MOF-derived,500.0,6.0,260.0,45,3.0,9.980448594,39.11512925
0.4138,Null,0.0,Null,0.0,3.557631168,MOF-derived,500.0,6.0,220.0,45,3.0,9.980448594,37.60460143
0.4138,Null,0.0,Null,0.0,3.557631168,MOF-derived,500.0,6.0,240.0,45,3.0,9.980448594,37.60460143
0.4138,Null,0.0,Null,0.0,3.557631168,MOF-derived,500.0,6.0,260.0,45,3.0,9.980448594,37.60460143
0.4138,Null,0.0,Null,0.0,3.557631168,MOF-derived,500.0,6.0,270.0,45,3.0,9.980448594,37.60460143
0.42686,Null,0.0,Null,0.0,3.909219078,MOF-derived,500.0,6.0,220.0,45,3.0,9.980448594,34.16115115
0.42686,Null,0.0,Null,0.0,3.909219078,MOF-derived,500.0,6.0,240.0,45,3.0,9.980448594,34.16115115
0.42686,Null,0.0,Null,0.0,3.909219078,MOF-derived,500.0,6.0,260.0,45,3.0,9.980448594,34.16115115
0.48,Null,0.0,Al,0.17,5.062595033,Co-precipitation,350.0,12.0,170.0,1,3.0,8.29404964,12.11338979
0.48,Null,0.0,Al,0.17,5.062595033,Co-precipitation,350.0,12.0,190.0,1,3.0,8.29404964,12.11338979
0.48,Null,0.0,Al,0.17,5.062595033,Co-precipitation,350.0,12.0,210.0,1,3.0,8.29404964,12.11338979
0.48,Null,0.0,Al,0.17,4.882801923,Co-precipitation,350.0,12.0,230.0,1,3.0,8.29404964,12.11338979
0.48,Null,0.0,Al,0.17,4.882801923,Co-precipitation,350.0,12.0,250.0,1,3.0,8.29404964,12.11338979
6.91,Null,0.0,Null,0.0,3.555348061,Electroless deposition,23.0,0.0,200.0,20,3.0,8.699514748,19.24983221
6.91,Null,0.0,Null,0.0,3.360375387,Electroless deposition,23.0,0.0,220.0,20,3.0,8.699514748,19.24983221
6.91,Null,0.0,Null,0.0,3.063390922,Electroless deposition,23.0,0.0,240.0,20,3.0,8.699514748,19.24983221
6.91,Null,0.0,Null,0.0,3.36729583,Electroless deposition,23.0,0.0,200.0,20,3.0,9.210340372,33.72565472
6.91,Null,0.0,Null,0.0,3.401197382,Electroless deposition,23.0,0.0,220.0,20,3.0,9.210340372,33.72565472
6.91,Null,0.0,Null,0.0,3.295836866,Electroless deposition,23.0,0.0,240.0,20,3.0,9.210340372,33.72565472
0.5,Mg,0.05,Zr,0.45,5.245443877,Impregnation,600.0,6.0,230.0,20,3.0,8.371010681,60.35425435
0.5,Mg,0.05,Zr,0.45,5.245443877,Impregnation,600.0,6.0,250.0,20,3.0,8.371010681,60.35425435
0.5,Mg,0.05,Zr,0.45,5.245443877,Impregnation,600.0,6.0,270.0,20,3.0,8.371010681,60.35425435
0.25,Au,0.006,Al,0.25,3.135494216,Deposition-precipitation,350.0,12.0,200.0,40,6.0,8.853665428,30.38594931
0.25,Au,0.006,Al,0.25,3.135494216,Deposition-precipitation,350.0,12.0,220.0,40,6.0,8.853665428,30.38594931
0.25,Au,0.006,Al,0.25,3.135494216,Deposition-precipitation,350.0,12.0,240.0,40,6.0,8.853665428,30.38594931
0.25,Au,0.006,Al,0.25,3.135494216,Deposition-precipitation,350.0,12.0,260.0,40,6.0,8.853665428,30.38594931
0.14,Null,0.0,Null,0.0,2.674148649,Chitosan-assisted co-precipitation,450.0,2.0,180.0,20,3.0,8.476371197,20.92105637
0.14,Null,0.0,Null,0.0,2.674148649,Chitosan-assisted co-precipitation,450.0,2.0,200.0,20,3.0,8.476371197,20.92105637
0.14,Null,0.0,Null,0.0,2.674148649,Chitosan-assisted co-precipitation,450.0,2.0,220.0,20,3.0,8.476371197,20.92105637
0.14,Null,0.0,Null,0.0,2.674148649,Chitosan-assisted co-precipitation,450.0,2.0,240.0,20,3.0,8.476371197,20.92105637
0.93,Null,0.0,Null,0.0,3.832979798,Chitosan-assisted co-precipitation,450.0,2.0,180.0,20,3.0,8.476371197,20.96880855
0.93,Null,0.0,Null,0.0,3.832979798,Chitosan-assisted co-precipitation,450.0,2.0,200.0,20,3.0,8.476371197,20.96880855
0.93,Null,0.0,Null,0.0,3.832979798,Chitosan-assisted co-precipitation,450.0,2.0,220.0,20,3.0,8.476371197,20.96880855
0.93,Null,0.0,Null,0.0,3.832979798,Chitosan-assisted co-precipitation,450.0,2.0,240.0,20,3.0,8.476371197,20.96880855
0.85,Null,0.0,Null,0.0,3.540959324,Chitosan-assisted co-precipitation,450.0,2.0,180.0,20,3.0,8.476371197,19.13284087
0.85,Null,0.0,Null,0.0,3.540959324,Chitosan-assisted co-precipitation,450.0,2.0,200.0,20,3.0,8.476371197,19.13284087
0.85,Null,0.0,Null,0.0,3.540959324,Chitosan-assisted co-precipitation,450.0,2.0,220.0,20,3.0,8.476371197,19.13284087
0.85,Null,0.0,Null,0.0,3.540959324,Chitosan-assisted co-precipitation,450.0,2.0,240.0,20,3.0,8.476371197,19.13284087
0.75,Null,0.0,Null,0.0,3.346389145,Chitosan-assisted co-precipitation,450.0,2.0,180.0,20,3.0,8.476371197,19.87953592
0.75,Null,0.0,Null,0.0,3.346389145,Chitosan-assisted co-precipitation,450.0,2.0,200.0,20,3.0,8.476371197,19.87953592
0.75,Null,0.0,Null,0.0,3.346389145,Chitosan-assisted co-precipitation,450.0,2.0,220.0,20,3.0,8.476371197,19.87953592
0.75,Null,0.0,Null,0.0,3.346389145,Chitosan-assisted co-precipitation,450.0,2.0,240.0,20,3.0,8.476371197,19.87953592
0.4854,Null,0.0,Al,0.4757,3.663561646,Co-precipitation,500.0,4.0,230.0,50,3.0,9.392661929,27.65828925
0.4854,Null,0.0,Al,0.4757,3.663561646,Co-precipitation,500.0,4.0,250.0,50,3.0,9.392661929,27.65828925
0.4854,Null,0.0,Al,0.4757,3.663561646,Co-precipitation,500.0,4.0,270.0,50,3.0,9.392661929,27.65828925
0.4785,F,0.0574,Al,0.464,3.401197382,Memory effect,500.0,4.0,230.0,50,3.0,9.392661929,29.14783995
0.4785,F,0.0574,Al,0.464,3.401197382,Memory effect,500.0,4.0,250.0,50,3.0,9.392661929,29.14783995
0.4785,F,0.0574,Al,0.464,3.401197382,Memory effect,500.0,4.0,270.0,50,3.0,9.392661929,29.14783995
0.486,Null,0.0,Al,0.475,3.828641396,Co-precipitation,500.0,4.0,230.0,50,3.0,9.392661929,23.34847595
0.486,Null,0.0,Al,0.475,3.828641396,Co-precipitation,500.0,4.0,250.0,50,3.0,9.392661929,23.34847595
0.486,Null,0.0,Al,0.475,3.828641396,Co-precipitation,500.0,4.0,270.0,50,3.0,9.392661929,23.34847595
0.458,Mn,0.0485,Al,0.435,3.871201011,Co-precipitation,500.0,4.0,230.0,50,3.0,9.392661929,16.77578792
0.458,Mn,0.0485,Al,0.435,3.871201011,Co-precipitation,500.0,4.0,250.0,50,3.0,9.392661929,16.77578792
0.458,Mn,0.0485,Al,0.435,3.871201011,Co-precipitation,500.0,4.0,270.0,50,3.0,9.392661929,16.77578792
0.482,La,0.0471,Al,0.431,4.043051268,Co-precipitation,500.0,4.0,230.0,50,3.0,9.392661929,18.32940493
0.482,La,0.0471,Al,0.431,4.043051268,Co-precipitation,500.0,4.0,250.0,50,3.0,9.392661929,18.32940493
0.482,La,0.0471,Al,0.431,4.043051268,Co-precipitation,500.0,4.0,270.0,50,3.0,9.392661929,18.32940493
0.464,Ce,0.0488,Al,0.439,4.077537444,Co-precipitation,500.0,4.0,230.0,50,3.0,9.392661929,19.18566408
0.464,Ce,0.0488,Al,0.439,4.077537444,Co-precipitation,500.0,4.0,250.0,50,3.0,9.392661929,19.18566408
0.464,Ce,0.0488,Al,0.439,4.077537444,Co-precipitation,500.0,4.0,270.0,50,3.0,9.392661929,19.18566408
0.46,Y,0.0507,Al,0.439,4.672828834,Co-precipitation,500.0,4.0,230.0,50,3.0,9.392661929,17.11523046
0.46,Y,0.0507,Al,0.439,4.672828834,Co-precipitation,500.0,4.0,250.0,50,3.0,9.392661929,17.11523046
0.46,Y,0.0507,Al,0.439,4.672828834,Co-precipitation,500.0,4.0,270.0,50,3.0,9.392661929,17.11523046
0.0866,Null,0.0,Zr,0.541,4.852030264,Reverse co-precipitation,350.0,4.0,160.0,10,3.0,9.082507,58.0
0.0866,Null,0.0,Zr,0.541,4.852030264,Reverse co-precipitation,350.0,4.0,180.0,10,3.0,9.082507,58.0
0.0866,Null,0.0,Zr,0.541,4.852030264,Reverse co-precipitation,350.0,4.0,200.0,10,3.0,9.082507,58.0
0.351,Null,0.0,Zr,0.689,5.159055299,Reverse co-precipitation,350.0,4.0,160.0,10,3.0,9.082507,69.0
0.351,Null,0.0,Zr,0.689,5.159055299,Reverse co-precipitation,350.0,4.0,180.0,10,3.0,9.082507,69.0
0.351,Null,0.0,Zr,0.689,5.159055299,Reverse co-precipitation,350.0,4.0,200.0,10,3.0,9.082507,69.0
0.742,Null,0.0,Zr,0.907,5.068904202,Reverse co-precipitation,350.0,4.0,160.0,10,3.0,9.082507,66.0
0.742,Null,0.0,Zr,0.907,5.068904202,Reverse co-precipitation,350.0,4.0,180.0,10,3.0,9.082507,66.0
0.742,Null,0.0,Zr,0.907,5.068904202,Reverse co-precipitation,350.0,4.0,200.0,10,3.0,9.082507,66.0
2.706,Null,0.0,Zr,1.843,4.990432587,Reverse co-precipitation,350.0,4.0,160.0,10,3.0,9.082507,78.0
2.706,Null,0.0,Zr,1.843,4.990432587,Reverse co-precipitation,350.0,4.0,180.0,10,3.0,9.082507,78.0
2.706,Null,0.0,Zr,1.843,4.990432587,Reverse co-precipitation,350.0,4.0,200.0,10,3.0,9.082507,78.0
0.428571429,Null,0.0,Null,0.0,6.378426184,Co-precipitation,550.0,7.0,250.0,50,3.0,8.699514748,14.08810166
0.428571429,Null,0.0,Null,0.0,6.378426184,Co-precipitation,550.0,7.0,260.0,50,3.0,8.699514748,14.08810166
0.428571429,Null,0.0,Null,0.0,6.378426184,Co-precipitation,550.0,7.0,270.0,50,3.0,8.699514748,14.08810166
0.492119089,Null,0.0,Zr,0.2591944,5.062595033,Co-precipitation,350.0,4.0,180.0,30,3.0,9.210340372,34.2362732
0.492119089,Null,0.0,Zr,0.2591944,5.062595033,Co-precipitation,350.0,4.0,200.0,30,3.0,9.210340372,34.2362732
0.492119089,Null,0.0,Zr,0.2591944,5.062595033,Co-precipitation,350.0,4.0,220.0,30,3.0,9.210340372,34.2362732
0.492119089,Null,0.0,Zr,0.2591944,5.062595033,Co-precipitation,350.0,4.0,240.0,30,3.0,9.210340372,34.2362732
0.491134752,Null,0.0,Zr,0.2819149,4.882801923,Co-precipitation,350.0,4.0,180.0,30,3.0,9.210340372,40.62870561
0.491134752,Null,0.0,Zr,0.2819149,4.882801923,Co-precipitation,350.0,4.0,200.0,30,3.0,9.210340372,40.62870561
0.491134752,Null,0.0,Zr,0.2819149,4.882801923,Co-precipitation,350.0,4.0,220.0,30,3.0,9.210340372,40.62870561
0.491134752,Null,0.0,Zr,0.2819149,4.882801923,Co-precipitation,350.0,4.0,240.0,30,3.0,9.210340372,40.62870561
0.487676056,Null,0.0,Zr,0.27288732,5.087596335,Co-precipitation,350.0,4.0,180.0,30,3.0,9.210340372,36.43622786
0.487676056,Null,0.0,Zr,0.27288732,5.087596335,Co-precipitation,350.0,4.0,200.0,30,3.0,9.210340372,36.43622786
0.487676056,Null,0.0,Zr,0.27288732,5.087596335,Co-precipitation,350.0,4.0,220.0,30,3.0,9.210340372,36.43622786
0.487676056,Null,0.0,Zr,0.27288732,5.087596335,Co-precipitation,350.0,4.0,240.0,30,3.0,9.210340372,36.43622786
0.557077626,Null,0.0,Al,0.11872146,3.676300672,Co-precipitation,400.0,4.0,160.0,40,3.0,10.07744086,43.26054628
0.557077626,Null,0.0,Al,0.11872146,3.676300672,Co-precipitation,400.0,4.0,170.0,40,3.0,10.07744086,43.26054628
0.557077626,Null,0.0,Al,0.11872146,3.676300672,Co-precipitation,400.0,4.0,180.0,40,3.0,10.07744086,43.26054628
0.557077626,Null,0.0,Al,0.11872146,3.676300672,Co-precipitation,400.0,4.0,190.0,40,3.0,10.07744086,43.26054628
0.557077626,Null,0.0,Al,0.11872146,3.676300672,Co-precipitation,400.0,4.0,200.0,40,3.0,10.07744086,43.26054628
0.552132701,Pd,0.087677725,Al,0.11374407,3.45946629,Co-precipitation,400.0,4.0,160.0,40,3.0,10.07744086,42.28468528
0.552132701,Pd,0.087677725,Al,0.11374407,3.45946629,Co-precipitation,400.0,4.0,170.0,40,3.0,10.07744086,42.28468528
0.552132701,Pd,0.087677725,Al,0.11374407,3.45946629,Co-precipitation,400.0,4.0,180.0,40,3.0,10.07744086,42.28468528
0.552132701,Pd,0.087677725,Al,0.11374407,3.45946629,Co-precipitation,400.0,4.0,190.0,40,3.0,10.07744086,42.28468528
0.552132701,Pd,0.087677725,Al,0.11374407,3.45946629,Co-precipitation,400.0,4.0,200.0,40,3.0,10.07744086,42.28468528
0.54,Pd,0.23,Al,0.1,3.404525172,Co-precipitation,400.0,4.0,160.0,40,3.0,10.07744086,40.44569542
0.54,Pd,0.23,Al,0.1,3.404525172,Co-precipitation,400.0,4.0,170.0,40,3.0,10.07744086,40.44569542
0.54,Pd,0.23,Al,0.1,3.404525172,Co-precipitation,400.0,4.0,180.0,40,3.0,10.07744086,40.44569542
0.54,Pd,0.23,Al,0.1,3.404525172,Co-precipitation,400.0,4.0,190.0,40,3.0,10.07744086,40.44569542
0.54,Pd,0.23,Al,0.1,3.404525172,Co-precipitation,400.0,4.0,200.0,40,3.0,10.07744086,40.44569542
2.280863439,Null,0.0,Null,0.0,3.967595149385413,Co-precipitation,349.84112126153536,12.0,180.0,60,3.0,9.60238246,40.51186935
2.280863439,Null,0.0,Null,0.0,4.867499653585484,Co-precipitation,493.4052629147006,2.0,200.0,60,3.0,9.60238246,40.51186935
2.280863439,Null,0.0,Null,0.0,3.3306518069448123,Co-precipitation,251.19044950441312,4.0,220.0,60,3.0,9.60238246,40.51186935
2.280863439,Null,0.0,Null,0.0,3.5467357589418014,Co-precipitation,363.6386514013301,7.0,240.0,60,3.0,9.60238246,40.51186935
2.443782256,Pd,0.025457628,Null,0.0,4.296855352556844,Sequential-precipitation,350.0,3.0,180.0,60,3.0,9.60238246,42.18682151
2.443782256,Pd,0.025457628,Null,0.0,4.455832978154796,Sequential-precipitation,350.0,4.0,200.0,60,3.0,9.60238246,42.18682151
2.443782256,Pd,0.025457628,Null,0.0,3.5112257067213957,Sequential-precipitation,350.0,1.0,220.0,60,3.0,9.60238246,42.18682151
2.443782256,Pd,0.025457628,Null,0.0,3.157108382967668,Sequential-precipitation,350.0,3.0,240.0,60,3.0,9.60238246,42.18682151
2.280439857,Null,0.0,Null,0.0,2.997730276,Co-precipitation,350.0,3.0,180.0,60,3.0,9.60238246,40.05196561
2.280439857,Null,0.0,Null,0.0,2.997730276,Co-precipitation,350.0,4.0,200.0,60,3.0,9.60238246,40.05196561
2.280439857,Null,0.0,Null,0.0,2.997730276,Co-precipitation,350.0,2.0,220.0,60,3.0,9.60238246,40.05196561
2.280439857,Null,0.0,Null,0.0,2.997730276,Co-precipitation,350.0,7.0,240.0,60,3.0,9.60238246,40.05196561
2.443328419,Pd,0.046412613,Null,0.0,3.202746443,Sequential-precipitation,350.0,1.0,180.0,60,3.0,9.60238246,41.28210335
2.443328419,Pd,0.046412613,Null,0.0,3.202746443,Sequential-precipitation,350.0,4.0,200.0,60,3.0,9.60238246,41.28210335
2.443328419,Pd,0.046412613,Null,0.0,3.202746443,Sequential-precipitation,350.0,6.0,220.0,60,3.0,9.60238246,41.28210335
2.443328419,Pd,0.046412613,Null,0.0,3.202746443,Sequential-precipitation,350.0,2.0,240.0,60,3.0,9.60238246,41.28210335
23.45595282,Null,0.0,Null,0.0,3.401197382,Co-precipitation,350.0,4.0,160.0,7,9.0,7.783224016,34.49743501
23.45595282,Null,0.0,Null,0.0,3.401197382,Co-precipitation,350.0,4.0,180.0,7,9.0,7.783224016,34.49743501
23.45595282,Null,0.0,Null,0.0,3.401197382,Co-precipitation,350.0,4.0,200.0,7,9.0,7.783224016,34.49743501
23.45595282,Null,0.0,Null,0.0,3.401197382,Co-precipitation,350.0,4.0,225.0,7,9.0,7.783224016,34.49743501
11.23931073,Null,0.0,Null,0.0,3.36729583,Co-precipitation,350.0,4.0,160.0,7,9.0,7.783224016,35.05989169
11.23931073,Null,0.0,Null,0.0,3.36729583,Co-precipitation,350.0,4.0,180.0,7,9.0,7.783224016,35.05989169
11.23931073,Null,0.0,Null,0.0,3.36729583,Co-precipitation,350.0,4.0,200.0,7,9.0,7.783224016,35.05989169
11.23931073,Null,0.0,Null,0.0,3.36729583,Co-precipitation,350.0,4.0,225.0,7,9.0,7.783224016,35.05989169
2.931994102,Null,0.0,Null,0.0,3.33220451,Co-precipitation,350.0,4.0,140.0,7,9.0,7.783224016,31.52869237
2.931994102,Null,0.0,Null,0.0,3.33220451,Co-precipitation,350.0,4.0,160.0,7,9.0,7.783224016,31.52869237
2.931994102,Null,0.0,Null,0.0,3.33220451,Co-precipitation,350.0,4.0,180.0,7,9.0,7.783224016,31.52869237
2.931994102,Null,0.0,Null,0.0,3.33220451,Co-precipitation,350.0,4.0,200.0,7,9.0,7.783224016,31.52869237
2.931994102,Null,0.0,Null,0.0,2.890371758,Co-precipitation,400.0,4.0,140.0,7,9.0,7.783224016,40.39523672
2.931994102,Null,0.0,Null,0.0,2.890371758,Co-precipitation,400.0,4.0,160.0,7,9.0,7.783224016,40.39523672
2.931994102,Null,0.0,Null,0.0,2.890371758,Co-precipitation,400.0,4.0,180.0,7,9.0,7.783224016,40.39523672
2.931994102,Null,0.0,Null,0.0,2.890371758,Co-precipitation,400.0,4.0,200.0,7,9.0,7.783224016,40.39523672
2.931994102,Null,0.0,Null,0.0,2.63905733,Co-precipitation,450.0,4.0,140.0,7,9.0,7.783224016,43.80309518
2.931994102,Null,0.0,Null,0.0,2.63905733,Co-precipitation,450.0,4.0,160.0,7,9.0,7.783224016,43.80309518
2.931994102,Null,0.0,Null,0.0,2.63905733,Co-precipitation,450.0,4.0,180.0,7,9.0,7.783224016,43.80309518
2.931994102,Null,0.0,Null,0.0,2.63905733,Co-precipitation,450.0,4.0,200.0,7,9.0,7.783224016,43.80309518
2.931994102,Null,0.0,Null,0.0,2.63905733,Co-precipitation,450.0,4.0,225.0,7,9.0,7.783224016,43.80309518
2.931994102,Null,0.0,Null,0.0,2.302585093,Co-precipitation,500.0,4.0,140.0,7,9.0,7.783224016,38.33313375
2.931994102,Null,0.0,Null,0.0,2.302585093,Co-precipitation,500.0,4.0,160.0,7,9.0,7.783224016,38.33313375
2.931994102,Null,0.0,Null,0.0,2.302585093,Co-precipitation,500.0,4.0,180.0,7,9.0,7.783224016,38.33313375
2.931994102,Null,0.0,Null,0.0,2.302585093,Co-precipitation,500.0,4.0,200.0,7,9.0,7.783224016,38.33313375
2.931994102,Null,0.0,Null,0.0,2.302585093,Co-precipitation,500.0,4.0,225.0,7,9.0,7.783224016,38.33313375
